Responders,"Do you have any comments on the material provided in the technical annex?
on the provisional list of evaluation criteria? Please provide your comments. [Free text box] ",T1,T2,T3,T4,T5,T6,,answers,,Other
1,,NA,,,,,,,NA,,
2,,NA,,,,,,,Did not answer the question,,
3,,NA,,,,,,,Other,,
4,,NA,,,,,,,COVID should be mentioned ,,
5,,NA,,,,,,,Small businesses canít afford testing products/updating labels would result in higher costs,,
6,,NA,,,,,,,Need data & impact of FOP on health,,
7,,NA,,,,,,,Education needed/familiarisation costs,,
8,,NA,,,,,,,Examine impacts of labelling in other countries,,
9,,NA,,,,,,,Consider eating disorders,,
10,,NA,,,,,,,Mandatory,,
11,,NA,,,,,,,Healthcare costs,,
12,,NA,,,,,,,further nutritional information,,
13,,NA,,,,,,,,,
14,,NA,,,,,,,,,
15,,NA,,,,,,,,,
16,,NA,,,,,,,,,
17,,NA,,,,,,,,,
18,,NA,,,,,,,,,
19,,NA,,,,,,,,,
20,,NA,,,,,,,,,
21,,NA,,,,,,,,,
22,,NA,,,,,,,,,
23,,NA,,,,,,,,,
24,,NA,,,,,,,,,
25,,NA,,,,,,,,,
26,,NA,,,,,,,,,
27,,NA,,,,,,,,,
28,,NA,,,,,,,,,
29,,NA,,,,,,,,,
30,,NA,,,,,,,,,
31,,NA,,,,,,,,,
32,,NA,,,,,,,,,
33,,NA,,,,,,,,,
34,,NA,,,,,,,,,
35,,NA,,,,,,,,,
36,,NA,,,,,,,,,
37,,NA,,,,,,,,,
38,,NA,,,,,,,,,
39,,NA,,,,,,,,,
40,,NA,,,,,,,,,
41,,NA,,,,,,,,,
42,,NA,,,,,,,,,
43,,NA,,,,,,,,,
44,,NA,,,,,,,,,
45,,NA,,,,,,,,,
46,I have not been able to give the time to this list,Did not answer the question,,,,,,,,,
47,,NA,,,,,,,,,
48,,NA,,,,,,,,,
49,,NA,,,,,,,,,
50,,NA,,,,,,,,,
51,,NA,,,,,,,,,
52,,NA,,,,,,,,,
53,,NA,,,,,,,,,
54,,NA,,,,,,,,,
55,,NA,,,,,,,,,
56,,NA,,,,,,,,,
57,Evaluation should look to include the positive nutrition element of a food not just the negative.,further nutritional information,,,,,,,,,
58,a tax/levy should be added to less healthy items,Did not answer the question,,,,,,,,,
59,,NA,,,,,,,,,
60,,NA,,,,,,,,,
61,,NA,,,,,,,,,
62,,NA,,,,,,,,,
63,,NA,,,,,,,,,
64,If alternative systems are being considered in the consultation why is there not a modified traffic light system design included to stimulate discussion / thought processes? ,Did not answer the question,,,,,,,,,
65,,NA,,,,,,,,,
66,,NA,,,,,,,,,
67,,NA,,,,,,,,,
68,,NA,,,,,,,,,
69,,NA,,,,,,,,,
70,,NA,,,,,,,,,
71,,NA,,,,,,,,,
72,,NA,,,,,,,,,
73,,NA,,,,,,,,,
74,,NA,,,,,,,,,
75,,NA,,,,,,,,,
76,,NA,,,,,,,,,
77,,NA,,,,,,,,,
78,,NA,,,,,,,,,
79,,NA,,,,,,,,,
80,,NA,,,,,,,,,
81,,NA,,,,,,,,,
82,,NA,,,,,,,,,
83,,NA,,,,,,,,,
84,,NA,,,,,,,,,
85,,NA,,,,,,,,,
86,,NA,,,,,,,,,
87,,NA,,,,,,,,,
88,,NA,,,,,,,,,
89,,NA,,,,,,,,,
90,,NA,,,,,,,,,
91,,NA,,,,,,,,,
92,,NA,,,,,,,,,
93,,NA,,,,,,,,,
94,,NA,,,,,,,,,
95,,NA,,,,,,,,,
96,,NA,,,,,,,,,
97,,NA,,,,,,,,,
98,,NA,,,,,,,,,
99,,NA,,,,,,,,,
100,,NA,,,,,,,,,
101,,NA,,,,,,,,,
102,,NA,,,,,,,,,
103,,NA,,,,,,,,,
104,,NA,,,,,,,,,
105,,NA,,,,,,,,,
106,,NA,,,,,,,,,
107,,NA,,,,,,,,,
108,,NA,,,,,,,,,
109,,NA,,,,,,,,,
110,,NA,,,,,,,,,
111,,NA,,,,,,,,,
112,,NA,,,,,,,,,
113,,NA,,,,,,,,,
114,From a poor background I don't feel that anything I say would make a different,Did not answer the question,,,,,,,,,
115,,NA,,,,,,,,,
116,THIS SURVEY IS TOO LONG ,Did not answer the question,,,,,,,,,
117,,NA,,,,,,,,,
118,,NA,,,,,,,,,
119,,NA,,,,,,,,,
120,,NA,,,,,,,,,
121,,NA,,,,,,,,,
122,,NA,,,,,,,,,
123,,NA,,,,,,,,,
124,,NA,,,,,,,,,
125,,NA,,,,,,,,,
126,,NA,,,,,,,,,
127,,NA,,,,,,,,,
128,,NA,,,,,,,,,
129,no comments,NA,,,,,,,,,
130,,NA,,,,,,,,,
131,,NA,,,,,,,,,
132,,NA,,,,,,,,,
133,,NA,,,,,,,,,
134,,NA,,,,,,,,,
135,,NA,,,,,,,,,
136,,NA,,,,,,,,,
137,"I expect you know BAME + people of colour are over represented in the mental health system ?  New podcast: Covid-19, racism and the roots of health inequality  This recent article maybe of interest ?  Society / Psychiatrists urge new leader to rid profession of institutional racism  You may also be interested in our recent petition ?  Abolish the Mental Health Act ‚Äì PETITION ‚Äì PLEASE SIGN!  If you think it is a good idea please sign + promote ?  We are currently using the freedom of information act to gather information around restraints , electro convulsive treatment , seclusion , meds errors + serious incidents  We are asking questions relating specifically to people of colour ( apologise if this is not the correct term) to demonstrate institutional problems ?  It is an expansion of ongoing work ...  Here is a video that hopefully explains I hallucinate and hear voices but I am not ill and I do not take psychiatric drugs ...  Some people would like more Crisis centres somewhere peaceful to stay for a few days...   Some of my friends are homeless and sectioned under the Mental Health act ...   https://www.kingsfund.org.uk/events/integrating-housing-and-health  https://www.theguardian.com/artanddesign/2019/jul/16/norwich-goldsmith-street-social-housing-green-design  Racheal Byrne - Home Group - states around 15:27 minutes into the seminar that their work on MH step down with Greater Manchester NHS trust ...  https://www.homegroup.org.uk/Corporate/Care-and-Support-Partners/Mental-Health-Step-Down  Has saved a lot of public money + helped people ...  Their work has shown 80% of people on acute wards are homeless ...  So why are the powers that be ignoring this work?  https://www.england.nhs.uk/2020/03/mental-health-crisis-services-rolled-out-across-england/  Some of my friends are being bullied by the DWP this bullying is affecting their health ‚Ä¶  Some of my friends are in very poor housing and have been for months, which affects their well-being ‚Ä¶.  Some of my friends are being forced to take depot injections which they think are unhealthy for them ‚Ä¶  https://www.bbc.co.uk/news/health-49639914  https://www.dailymail.co.uk/news/article-7445657/One-four-people-hooked-prescription-drugs-official-review-calls-national-helpline.html  Some of my friend would like to reduce their psychiatric drugs but there is no medical support for them to do this ‚Ä¶  Some of my friends feel they are being taken off psychiatric drugs too quickly ...  Some of my friends have said they would like therapeutic communities for their loved ones ...  https://digital.nhs.uk/data-and-information/publications/statistical/mental-health-act-statistics-annual-figures/2018-19-annual-figures  https://www.powertochange.org.uk/news/new-report-reveals-local-authorities-can-strengthen-localism-unlock-power-community-partnership/  Some of my friends are frightened to complain as they fear this will make their situation worse.  Some of my friends do give feedback (with support) but their concerns are not acknowledged or acted upon.  https://www.healthwatch.co.uk/report/2019-08-28/creating-learning-culture-social-care  https://www.richmondandtwickenhamtimes.co.uk/news/18118905.councillor-criticises-richmonds-carers-strategy-speaking-experiences/  Many of my friends in the Mental Health system are BAME / POC ‚Ä¶  https://www.kingsfund.org.uk/audio-video/podcast/david-williams-racism-discrimination-health  https://www.kingsfund.org.uk/audio-video/dr-jacqui-dyer-improving-health-urban-communities  Some of my friends have problems raising funds for good community ideas: -  https://www.nesta.org.uk/blog/felicitations-madame-mayor-participatory-budgeting-in-paris-hits-new-highs/  https://www.kingsfund.org.uk/audio-video/donna-hall-wigan-story  https://www.local.gov.uk/sites/default/files/documents/Achieving Integrated Care- 15 best practice actions WEB.pdf  https://www.theguardian.com/politics/2019/jan/09/what-is-a-citizens-assembly-brexit-explainer  https://www.oxford.gov.uk/info/20011/environment/1343/oxford_citizens_assembly_on_climate_change  Repairing our social fabric  https://www.ukonward.com/wp-content/uploads/2020/03/ONWJ8080-Community-report-200304-WEB.pdf  Human rights abuses within Mental Health are not considered or acted upon.  For example, I used the Freedom of Information act to request information regarding restraints, seclusion, ECT and serious incidents.  After over 133 correspondences + 4 months this is the information that has been disclosed.     2018 	  ECT 	  SERIOUS INCIDENTS 	  RESTRAINTS 	  SECLUSION  SLAM 	  54 	  99 	  2559 	  648  SWLSTG 	  38 	  77 	  1467 	  255  CNWL 	  62 	  116 	  1775 	  622  ELFT 	  59 	  161 	  3144 	  1215  West London 	  24 	  66 	  1247 	  1162   Next year, time permitting, I plan to gather this information for the 66 Mental Health trusts + ask about medication errors.  Then there is Carolyn Gullery from New Zealand + their approach: -  https://www.kingsfund.org.uk/publications/payments-contracting-integrated-care  Though I am not comfortable with Clinical lead decision making (Ben Goldacre‚Äôs books Bad Pharma + Bad Science are relevant here?) Power to the people I say!  The homelessness work done by Andy Burnham‚Äôs team is very positive in my opinion ‚Ä¶  https://www.themeteor.org/2018/12/23/burnhams-bed-every-night-scheme-enough/  https://www.theguardian.com/commentisfree/2017/may/10/andy-burnham-salary-manchester-homeless  The work in Birmingham + Preston is also very interesting ‚Ä¶.  https://www.theguardian.com/society/2019/may/23/birmingham-to-begin-accident-and-emergency-online-chat-service-in-tech-revolution-for-nhs-care     ‚ÄúWe needed a new economic model. It was obvious that we needed something new and different and radical, based upon the economic crash of 2008 which affected us quite badly.  That wealth extraction, that straight-jacket that we‚Äôre in, we want to tackle by offering an alternative‚Ä¶  So, you‚Äôre getting that virtual cycle of keeping wealth in the community and democratising the wealth as well, and democratising the economy.  We are actually bringing that democracy back. And let‚Äôs compete with the big banks.  If people get educated I think we could create some kind of really strong movement.‚Äù  ~ Preston City Council Leader Matthew Brown   As is ‚Ä¶ Local Futures ‚Äì Economics of happiness  https://www.localfutures.org/  https://www.youtube.com/watch?v=4r06_F2FIKM  https://www.youtube.com/watch?v=bm2wzolIuvw&feature=youtu.be  https://www.localfutures.org/programs/global-to-local/insane-trade-short-film-factsheet/  Experts by experience that are paid and peer support are vital.  https://discover.dc.nihr.ac.uk/content/signal-000673/mental-health-crisis-readmissions-may-reduce-with-peer-support  https://www.mentalhealth.org.uk/projects/peer-education-project-pep  https://www.dorsethealthcare.nhs.uk/patients-and-visitors/our-services-hospitals/mental-health/retreat  Please be aware of the following: -  https://www.youtube.com/watch?v=zDZFcDGpL4U  https://www.taxjustice.net/2018/10/05/how-the-city-of-london-makes-us-all-poorer-infographic/  Dr James Davies: The Origins of the DSM  https://www.youtube.com/watch?v=6JPgpasgueQ  Pat Braken's work ....  https://www.youtube.com/watch?v=cV5RKT6Q8qU  Jo Moncrieff's work ...  https://www.youtube.com/watch?v=FjTisLX4q1Y  Joanna Moncrieff and The Radar project FEEL (Friends of East End Loonies) hosted this event at Kingsley Hall with Joanna Moncrieff critical psychiatrist...  https://www.youtube.com/watch?v=eAnVi3Zuay4  https://www.madinamerica.com/2019/04/psychiatrists-view-drug-free-programs-psychosis-unscientific-study-finds/  Hearing Voices Network  https://www.hearing-voices.org/  nsun (national survivor user network), network for mental health in England, UK. Independent,  https://www.nsun.org.uk/  national paranoia network  http://www.nationalparanoianetwork.org/  Zero tolerance to suicide alliance  https://www.zerosuicidealliance.com/  https://discover.dc.nihr.ac.uk/content/signal-000672/guided-online-interventions-can-help-people-recover-from-depression  http://www.suicidecrisis.co.uk/  Micheala Amering's work ....      https://news.liverpool.ac.uk/2014/04/25/viewpoint-the-medicalisation-of-human-distress/  https://www.shapingourlives.org.uk/wp-content/uploads/2016/05/FROM-MENTAL-ILLNESS-PDF-2.pdf  Ben Goldacre's Bad Pharma and Bad Science that Doctors and academics made up illnesses for money !   Then there is the BBC series The doctor how gave up drugs  https://www.bbc.co.uk/programmes/b0b578bd  https://www.thetimes.co.uk/magazine/the-times-magazine/is-there-a-cure-foralzheimers-disease-f9tp8st9w  Universal citizen wage  Jon Stone The UK‚Äôs welfare system should be replaced with a single universal basic income paid to all citizens  https://www.independent.co.uk/news/uk/politics/replace-the-benefits-system-with-a-universal-basic-income-paid-to-all-citizens-think-tank-recommends-a6777101.html  A no-strings basic income? If it works for the royal family, it can work... Don‚Äôt choke at the idea of a universal basic income. It benefits many ‚Äì from beggars to entrepreneurs   https://www.theguardian.com/world/2015/dec/26/dutch-city-utrecht-basic-income-uk-greens     Citizen control 	  Degree of citizen power  Delegated power  Partnership  Placation 	  Degree of tokenism  Consultation  Informing  Therapy 	  Non participation  manipulation     Old power 	  New power  Currency 	  Current  Held by few 	  Made by many  Pushed down 	  Pulled in  Commanded 	  Shared  Closed 	  Open  transaction 	  relationships   https://kingsfundmail.org.uk/21A8-65EAV-E6P6XO5H88/cr.aspx  Driving forward health equity ‚Äì the role of accountability, policy coherence, social participation and empowerment  https://apps.who.int/iris/bitstream/handle/10665/324901/9789289054133-eng.pdf     The Royal College of Psychiatrists booklet ‚ÄúSchizophrenia‚Äù (page 26) states: -  ‚Äú...if there is an inaccurate or abusive item about schizophrenia in the press, a radio talk show or a TV, don‚Äôt get depressed, get active. Write a letter, e-mail them, phone them up and tell them where they are wrong. It works! ‚Ä¶‚Äù  Why just restrict this to the media?  How can this be? things need to change .... pay ratios idea?  Titans of industry earn more than average annual wage in three days By Tom Knowles, Economics Correspondent  https://www.thetimes.co.uk/edition/news/titans-of-industry-earn-more-than-average-annual-wage-in-three-days-wllxdm3w7  Green Party | Green Party calls for wealth tax to tackle soaring inequality  https://www.greenparty.org.uk/news/2017/01/16/green-party-calls-for-wealth-tax-to-tackle-soaring-inequality/  Hope ? https://www.theguardian.com/commentisfree/2017/may/10/andy-burnham-salary-manchester-homeless  From the Economist ‚Ä¶.  https://films.economist.com/nowandnext/#work-next  If I am lucky enough to never need surgery, then a road sweeper is more important to me than a surgeon?  Or should I sweep the road myself?  The Mental Health act needs to be repealed it is one of the few areas of law where you can be locked away for something you may do!  Restraints, ECT and serious incidents in the Mental Health system needs to be reviewed by members of the public.  https://www.cqc.org.uk/sites/default/files/20161213-learning-candour-accountability-full-report.pdf  https://www.cqc.org.uk/publications/major-report/monitoring-mental-health-act-201819  Not just me? https://www.theguardian.com/world/2018/oct/01/police-stun-guns-mentally-ill-patients-health-uk  https://www.theguardian.com/society/2018/oct/04/secure-hospitals-are-not-penal-institutions  https://www.theguardian.com/society/2018/oct/08/ptsd-rates-increase-in-uk-military-personnel  https://www.independent.co.uk/news/health/depression-withdrawal-symptoms-antidepressants-side-effects-nice-prescription-drugs-a8565066.html  ‚ÄòIt‚Äôs Torture‚Äô: Critics Step Up Bid to Stop Use of Electric Shocks on Children  From The Guardian: A coalition of advocacy groups led by Disability Rights International have written to the human rights arm of the Organisation of American States, based in Washington, demanding that the U.S., which is one of its 35 member states, impose a federal ban on electric shock. Neuroscientists Make a Case against Solitary Confinement  From Scientific American: Neuroscientists, lawyers and activists have teamed up with the goal of abolishing solitary confinement as cruel and unusual punishment, stating that social isolation and sensory deprivation can have traumatic effects on the brain, many of which may be irreversible.  Some things I have known for years ‚Ä¶  https://www.theguardian.com/society/2018/sep/09/nhs-land-earmarked-for-sale-to-developers  https://www.gov.scot/policies/land-reform/community-right-to-buy/  https://www.theguardian.com/society/2018/sep/11/nhs-care-regulator-says-sexual-incidents-commonplace-in-mental-health-units  https://www.ombudsman.org.uk/news-and-blog/news/1-5-mental-health-patients-dont-feel-safe-nhs-care-ombudsman-finds  Mental Health is one of the few areas where you cannot refuse treatment.  Mental health hospitals need to be closed as per Italy and a move to respite implemented: -  http://www.richmondandtwickenhamtimes.co.uk/news/14778547.Police_officer_tells_how_new_mental_health_haven_spares_people_trauma_of_being_sectioned_and_saves_colleagues_hours_of_work/  https://www.nuffieldtrust.org.uk/news-item/reinventing-the-hospital  https://www.theguardian.com/books/2015/aug/19/man-who-closed-asylums-franco-basaglia-review  Then there are people assemblies to resolve the poor public services we have?  https://www.youtube.com/watch?v=__AEab_qDwk  https://youtu.be/aOtFYMDiOtI  https://youtu.be/d8eqWBVtD2g  https://www.youtube.com/watch?v=wPHXx8VMhMM  https://youtu.be/3MpozzEMlkE  https://www.youtube.com/watch?v=0ddU_UaBfPI  https://www.bbc.co.uk/sounds/play/m0000mkd  http://www.nlgn.org.uk/public/wp-content/uploads/The-Community-Paradigm_FINAL.pdf  http://www.nlgn.org.uk/public/wp-content/uploads/Community-Commissioning.pdf     From Alexis Quinn :-  My name is Alexis Quinn and I am autistic.   In 2012 I was detained under the mental health act for almost three and a half years. I spent time in various psychiatric hospitals and an Assessment and Treatment Unit. The reason I was there was because I am autistic and other people, who were not experts in autism, decided I should not be allowed to leave. Whilst there I was drugged, restrained, secluded, put in long term segregation. I was mistreated.  The events witnessed in the recent Panorama documentary ‚ÄòHospital Abuse Scandal‚Äô and which I detail in my book, Unbroken, showed vulnerable adults who are autistic or have a learning disability being abused and mistreated. These events were truly shocking but because of my experiences, I did not find them surprising.  That‚Äôs why I‚Äôm working with the National Autistic Society to try and bring about change.  To watch the denial of vulnerable people‚Äôs human rights should be regarded as a national scandal but all the more so considering the Government has failed to stop the use of inpatient units such as Whorlton Hall, through its recently-ended Transforming Care programme.  Over 2,000 children and adults remain locked up despite Government promises to end their use.  This is not a question of money, or funding ‚Äì millions of pounds are spent on keeping vulnerable children and adults locked up hundreds of miles from their homes. This is about where the money is spent and what kind of service it is spent on. Autism and learning disabilities are not a mental health condition.  My time in inpatient care cost the state approximately ¬£2.5 million. In reality I could have been easily treated closer to or even in my home and with the support of my family and friends which would have cost a fraction of this amount. The right use of the money spent on locking up autistic people and people with a learning disability is on community services, where people can be in their own homes or closer to their families, not in mental health inpatient units.  Instead I was locked up, shut off from my family, leaving my baby daughter with no mother for months.  I needed help ‚Äì I asked for help ‚Äì and instead I got this.  The time has come for reviews and investigations to end. No more empty promises. No more warm words.   We need action from the Government to stop the use of inpatient units and to safeguard the human rights of vulnerable adults like me, and like Clare, Alex and Paul who we saw in the documentary, who are autistic or have a learning disability.   I call upon the Government to end the abuse and mistreatment of autistic people and people with a learning disability in inpatient units by doing to the following:      Declare that autistic people and people with a learning disability are #HumanToo and must have their human rights safeguarded     Immediately commit to make money available to set up the right community services for autistic people and people with a learning disability - and that this is ring-fenced     Change the wording of the definition of ‚Äòmental disorder‚Äô in the Mental Health Act, which currently includes autism and learning disability ‚Äì whilst legally safeguarding ‚Äòat risk‚Äô individuals access to Care & Treatment Reviews     Establish accountability right across Government to make sure this happens  For information and support on this issue you can visit the National Autistic Society website.  https://www.kingsfund.org.uk/audio-video/population-health-animation  https://www.youtube.com/watch?v=EHkozMIXZ8w  https://www.youtube.com/watch?v=dvba62gObhw  https://www.youtube.com/watch?v=t4LwS5GPgEA  The data speaks for itself.  Each admission, each electro convulsive treatment , restraint, each seclusion, each serious incident, each medication error is a human rights abuse.  We just need to listen?  Alexis Quinn?  Act wisely?  We are not using public money ‚Äì our money well (each admission costs at least ¬£18K)  We need to learn from Italy, Finland, Manchester and others.  Work together?  How will we put the change we need into action? not just strategy papers?  We need the other part of this ‚Äúpicture‚Äù the data from the Haven and community.  In summary my aims are ...  All Mental Health Hospitals should be closed as per Italy; the Haven/ respite/ Home Group model should be adopted - which is part of the NHS long term plan.  The Mental Health Act should be abolished, one of the few areas of law where you can be locked away for something you may do, by people who have a vested interest in locking you away  (James Davies work CRACKED why psychiatry is doing more harm than good is relevant here?)  People should be supported to come off psychiatric drugs if this is their wish ...  Antipsychotics Associated with Severe COVID-19 and Fatal Outcomes  Move from a Medical model of distress to a social / Human Rights model of distress ...  From Paternalism to human rights ...  Citizen assemblies, community right to buy, community commissioning, participatory budgeting?  Hope you have a great 2020  In love + solidarity  Wendy Micklewright",Did not answer the question,,,,,,,,,
138,,NA,,,,,,,,,
139,,NA,,,,,,,,,
140,"The label needs to be larger, some are so small they can only be seen with a magnifying glass ",Did not answer the question,,,,,,,,,
141,"This is very intersting. I have enjoyed reading it all,",Did not answer the question,,,,,,,,,
142,,NA,,,,,,,,,
143,,NA,,,,,,,,,
144,,NA,,,,,,,,,
145,,NA,,,,,,,,,
146,,NA,,,,,,,,,
147,,NA,,,,,,,,,
148,,NA,,,,,,,,,
149,,NA,,,,,,,,,
150,,NA,,,,,,,,,
151,,NA,,,,,,,,,
152,,NA,,,,,,,,,
153,,NA,,,,,,,,,
154,,NA,,,,,,,,,
155,,NA,,,,,,,,,
156,,NA,,,,,,,,,
157,,NA,,,,,,,,,
158,,NA,,,,,,,,,
159,,NA,,,,,,,,,
160,,NA,,,,,,,,,
161,,NA,,,,,,,,,
162,,NA,,,,,,,,,
163,,NA,,,,,,,,,
164,,NA,,,,,,,,,
165,,NA,,,,,,,,,
166,,NA,,,,,,,,,
167,,NA,,,,,,,,,
168,,NA,,,,,,,,,
169,,NA,,,,,,,,,
170,I think a bit more doing in a practical way to feed the hungry. And less theory  would deal with the imediate problems better.   To prevent disease and sadly death in some cases.    Too much food waste in some cases. Food that could be  Cooked to feed everyone.    ,Did not answer the question,,,,,,,,,
171,,NA,,,,,,,,,
172,,NA,,,,,,,,,
173,,NA,,,,,,,,,
174,,NA,,,,,,,,,
175,,NA,,,,,,,,,
176,,NA,,,,,,,,,
177,,NA,,,,,,,,,
178,,NA,,,,,,,,,
179,,NA,,,,,,,,,
180,,NA,,,,,,,,,
181,,NA,,,,,,,,,
182,,NA,,,,,,,,,
183,,NA,,,,,,,,,
184,,NA,,,,,,,,,
185,,NA,,,,,,,,,
186,,NA,,,,,,,,,
187,,NA,,,,,,,,,
188,,NA,,,,,,,,,
189,,NA,,,,,,,,,
190,I have not read the annex.  Time presses....,Did not answer the question,,,,,,,,,
191,,NA,,,,,,,,,
192,,NA,,,,,,,,,
193,,NA,,,,,,,,,
194,,NA,,,,,,,,,
195,,NA,,,,,,,,,
196,,NA,,,,,,,,,
197,,NA,,,,,,,,,
198,,NA,,,,,,,,,
199,,NA,,,,,,,,,
200,,NA,,,,,,,,,
201,,NA,,,,,,,,,
202,,NA,,,,,,,,,
203,,NA,,,,,,,,,
204,,NA,,,,,,,,,
205,,NA,,,,,,,,,
206,,NA,,,,,,,,,
207,,NA,,,,,,,,,
208,,NA,,,,,,,,,
209,,NA,,,,,,,,,
210,,NA,,,,,,,,,
211,,NA,,,,,,,,,
212,,NA,,,,,,,,,
213,,NA,,,,,,,,,
214,,NA,,,,,,,,,
215,,NA,,,,,,,,,
216,,NA,,,,,,,,,
217,,NA,,,,,,,,,
218,Why isn't there a link to take me directly to the relevant paragraphs? ,NA,,,,,,,,,
219,,NA,,,,,,,,,
220,,NA,,,,,,,,,
221,,NA,,,,,,,,,
222,,NA,,,,,,,,,
223,,NA,,,,,,,,,
224,,NA,,,,,,,,,
225,,NA,,,,,,,,,
226,,NA,,,,,,,,,
227,,NA,,,,,,,,,
228,,NA,,,,,,,,,
229,,NA,,,,,,,,,
230,,NA,,,,,,,,,
231,,NA,,,,,,,,,
232,,NA,,,,,,,,,
233,ISO needed,NA,,,,,,,,,
234,,NA,,,,,,,,,
235,,NA,,,,,,,,,
236,,NA,,,,,,,,,
237,,NA,,,,,,,,,
238,,NA,,,,,,,,,
239,,NA,,,,,,,,,
240,,NA,,,,,,,,,
241,,NA,,,,,,,,,
242,,NA,,,,,,,,,
243,,NA,,,,,,,,,
244,,NA,,,,,,,,,
245,,NA,,,,,,,,,
246,,NA,,,,,,,,,
247,,NA,,,,,,,,,
248,,NA,,,,,,,,,
249,,NA,,,,,,,,,
250,,NA,,,,,,,,,
251,,NA,,,,,,,,,
252,,NA,,,,,,,,,
253,,NA,,,,,,,,,
254,,NA,,,,,,,,,
255,,NA,,,,,,,,,
256,,NA,,,,,,,,,
257,,NA,,,,,,,,,
258,,NA,,,,,,,,,
259,,NA,,,,,,,,,
260,,NA,,,,,,,,,
261,,NA,,,,,,,,,
262,,NA,,,,,,,,,
263,,NA,,,,,,,,,
264,Instead of wasting  money on labelling why not spend more on educating on the importance of healthy eating.,Education needed/familiarisation costs,,,,,,,,,
265,,NA,,,,,,,,,
266,,NA,,,,,,,,,
267,,NA,,,,,,,,,
268,Sorry I hope that will be all!,Did not answer the question,,,,,,,,,
269,,NA,,,,,,,,,
270,,NA,,,,,,,,,
271,,NA,,,,,,,,,
272,,NA,,,,,,,,,
273,,NA,,,,,,,,,
274,,NA,,,,,,,,,
275,,NA,,,,,,,,,
276,,NA,,,,,,,,,
277,,NA,,,,,,,,,
278,,NA,,,,,,,,,
279,,NA,,,,,,,,,
280,,NA,,,,,,,,,
281,,NA,,,,,,,,,
282,,NA,,,,,,,,,
283,,NA,,,,,,,,,
284,,NA,,,,,,,,,
285,,NA,,,,,,,,,
286,,NA,,,,,,,,,
287,,NA,,,,,,,,,
288,,NA,,,,,,,,,
289,,NA,,,,,,,,,
290,,NA,,,,,,,,,
291,,NA,,,,,,,,,
292,,NA,,,,,,,,,
293,,NA,,,,,,,,,
294,,NA,,,,,,,,,
295,,NA,,,,,,,,,
296,,NA,,,,,,,,,
297,,NA,,,,,,,,,
298,,NA,,,,,,,,,
299,,NA,,,,,,,,,
300,,NA,,,,,,,,,
301,,NA,,,,,,,,,
302,,NA,,,,,,,,,
303,,NA,,,,,,,,,
304,,NA,,,,,,,,,
305,,NA,,,,,,,,,
306,,NA,,,,,,,,,
307,,NA,,,,,,,,,
308,,NA,,,,,,,,,
309,,NA,,,,,,,,,
310,,NA,,,,,,,,,
311,,NA,,,,,,,,,
312,,NA,,,,,,,,,
313,,NA,,,,,,,,,
314,,NA,,,,,,,,,
315,I don't have time to examine the material you are offering - unless you want to provide a grant to potential respondents to your questionnaires to enable them to spend time examing the technical annex material.  (Is this a public consultation or for nutrition/public health professionals?),Did not answer the question,,,,,,,,,
316,,NA,,,,,,,,,
317,,NA,,,,,,,,,
318,,NA,,,,,,,,,
319,,NA,,,,,,,,,
320,don't have time to read it. ,Did not answer the question,,,,,,,,,
321,Needs to include price and value for money,Other,,,,,,,,,
322,,NA,,,,,,,,,
323,,NA,,,,,,,,,
324,,NA,,,,,,,,,
325,,NA,,,,,,,,,
326,"Obesity, diabetes and other nutritional issues will only be addressed if the buyers of the food know what the food contains. Information is key.",further nutritional information,,,,,,,,,
327,,NA,,,,,,,,,
328,,NA,,,,,,,,,
329,,NA,,,,,,,,,
330,,NA,,,,,,,,,
331,,NA,,,,,,,,,
332,,NA,,,,,,,,,
333,,NA,,,,,,,,,
334,,NA,,,,,,,,,
335,,NA,,,,,,,,,
336,,NA,,,,,,,,,
337,,NA,,,,,,,,,
338,,NA,,,,,,,,,
339,,NA,,,,,,,,,
340,,NA,,,,,,,,,
341,,NA,,,,,,,,,
342,,NA,,,,,,,,,
343,"It is flawed! I have already supplied information on a previous instruction, please investigate.",Did not answer the question,,,,,,,,,
344,,NA,,,,,,,,,
345,,NA,,,,,,,,,
346,,NA,,,,,,,,,
347,,NA,,,,,,,,,
348,,NA,,,,,,,,,
349,,NA,,,,,,,,,
350,,NA,,,,,,,,,
351,,NA,,,,,,,,,
352,,NA,,,,,,,,,
353,,NA,,,,,,,,,
354,,NA,,,,,,,,,
355,,NA,,,,,,,,,
356,,NA,,,,,,,,,
357,,NA,,,,,,,,,
358,,NA,,,,,,,,,
359,,NA,,,,,,,,,
360,,NA,,,,,,,,,
361,,NA,,,,,,,,,
362,,NA,,,,,,,,,
363,,NA,,,,,,,,,
364,,NA,,,,,,,,,
365,,NA,,,,,,,,,
366,,NA,,,,,,,,,
367,,NA,,,,,,,,,
368,,NA,,,,,,,,,
369,,NA,,,,,,,,,
370,,NA,,,,,,,,,
371,,NA,,,,,,,,,
372,,NA,,,,,,,,,
373,,NA,,,,,,,,,
374,,NA,,,,,,,,,
375,,NA,,,,,,,,,
376,,NA,,,,,,,,,
377,,NA,,,,,,,,,
378,,NA,,,,,,,,,
379,,NA,,,,,,,,,
380,,NA,,,,,,,,,
381,,NA,,,,,,,,,
382,,NA,,,,,,,,,
383,,NA,,,,,,,,,
384,,NA,,,,,,,,,
385,,NA,,,,,,,,,
386,,NA,,,,,,,,,
387,,NA,,,,,,,,,
388,,NA,,,,,,,,,
389,,NA,,,,,,,,,
390,,NA,,,,,,,,,
391,,NA,,,,,,,,,
392,,NA,,,,,,,,,
393,,NA,,,,,,,,,
394,,NA,,,,,,,,,
395,,NA,,,,,,,,,
396,,NA,,,,,,,,,
397,,NA,,,,,,,,,
398,,NA,,,,,,,,,
399,,NA,,,,,,,,,
400,,NA,,,,,,,,,
401,,NA,,,,,,,,,
402,,NA,,,,,,,,,
403,,NA,,,,,,,,,
404,"To calculate the nutritional values in a product a product would need to laboratory tested, and no company could afford this for their hundreds of products, especially if they are a small family run firm.  It would also impact the speed at which you could get a new product to market.",Small businesses canít afford testing products/updating labels would result in higher costs,,,,,,,,,
405,,NA,,,,,,,,,
406,,NA,,,,,,,,,
407,,NA,,,,,,,,,
408,,NA,,,,,,,,,
409,,NA,,,,,,,,,
410,,NA,,,,,,,,,
411,,NA,,,,,,,,,
412,,NA,,,,,,,,,
413,,NA,,,,,,,,,
414,,NA,,,,,,,,,
415,,NA,,,,,,,,,
416,,NA,,,,,,,,,
417,,NA,,,,,,,,,
418,,NA,,,,,,,,,
419,,NA,,,,,,,,,
420,,NA,,,,,,,,,
421,,NA,,,,,,,,,
422,,NA,,,,,,,,,
423,,NA,,,,,,,,,
424,,NA,,,,,,,,,
425,,NA,,,,,,,,,
426,,NA,,,,,,,,,
427,,NA,,,,,,,,,
428,,NA,,,,,,,,,
429,,NA,,,,,,,,,
430,,NA,,,,,,,,,
431,,NA,,,,,,,,,
432,,NA,,,,,,,,,
433,"Consultation groups with various age groups needed for planned new labels to verify ease of use. Wide spread education needed - in schools, targeted ads, health education etc.",Education needed/familiarisation costs,,,,,,,,,
434,,NA,,,,,,,,,
435,"I could not find a list of 'evaluation criteria' in the Technical Annex. I'm looking for an opportunity to highlight the importance of protein - why is this not being considered as an important nutrient influencing health (especially muscle health)?  Government needs to recognise the FAO recommendation to adopt the 'Digestible Indispensable Amino Acid Score' (DIAAS) too describe protein quality. When (not if) this replaces the current (and inadequate) 'Protein Digestibility Corrected Amino Acid Score' (PDCAA), the implications for the food industry and the relative value of different sources of protein will be profound.",further nutritional information,,,,,,,,,
436,,NA,,,,,,,,,
437,,NA,,,,,,,,,
438,,NA,,,,,,,,,
439,,NA,,,,,,,,,
440,,NA,,,,,,,,,
441,,NA,,,,,,,,,
442,,NA,,,,,,,,,
443,,NA,,,,,,,,,
444,,NA,,,,,,,,,
445,,NA,,,,,,,,,
446,,NA,,,,,,,,,
447,,NA,,,,,,,,,
448,,NA,,,,,,,,,
449,,NA,,,,,,,,,
450,,NA,,,,,,,,,
451,,NA,,,,,,,,,
452,,NA,,,,,,,,,
453,,NA,,,,,,,,,
454,,NA,,,,,,,,,
455,,NA,,,,,,,,,
456,,NA,,,,,,,,,
457,,NA,,,,,,,,,
458,,NA,,,,,,,,,
459,,NA,,,,,,,,,
460,,NA,,,,,,,,,
461,,NA,,,,,,,,,
462,,NA,,,,,,,,,
463,,NA,,,,,,,,,
464,,NA,,,,,,,,,
465,,NA,,,,,,,,,
466,,NA,,,,,,,,,
467,,NA,,,,,,,,,
468,,NA,,,,,,,,,
469,,NA,,,,,,,,,
470,,NA,,,,,,,,,
471,,NA,,,,,,,,,
472,,NA,,,,,,,,,
473,,NA,,,,,,,,,
474,,NA,,,,,,,,,
475,,NA,,,,,,,,,
476,,NA,,,,,,,,,
477,,NA,,,,,,,,,
478,,NA,,,,,,,,,
479,,NA,,,,,,,,,
480,,NA,,,,,,,,,
481,,NA,,,,,,,,,
482,,NA,,,,,,,,,
483,,NA,,,,,,,,,
484,,NA,,,,,,,,,
485,,NA,,,,,,,,,
486,,NA,,,,,,,,,
487,,NA,,,,,,,,,
488,,NA,,,,,,,,,
489,,NA,,,,,,,,,
490,,NA,,,,,,,,,
491,,NA,,,,,,,,,
492,,NA,,,,,,,,,
493,,NA,,,,,,,,,
494,,NA,,,,,,,,,
495,,NA,,,,,,,,,
496,,NA,,,,,,,,,
497,,NA,,,,,,,,,
498,,NA,,,,,,,,,
499,,NA,,,,,,,,,
500,,NA,,,,,,,,,
501,,NA,,,,,,,,,
502,,NA,,,,,,,,,
503,,NA,,,,,,,,,
504,,NA,,,,,,,,,
505,,NA,,,,,,,,,
506,,NA,,,,,,,,,
507,,NA,,,,,,,,,
508,,NA,,,,,,,,,
509,,NA,,,,,,,,,
510,,NA,,,,,,,,,
511,,NA,,,,,,,,,
512,,NA,,,,,,,,,
513,,NA,,,,,,,,,
514,,NA,,,,,,,,,
515,,NA,,,,,,,,,
516,,NA,,,,,,,,,
517,,NA,,,,,,,,,
518,,NA,,,,,,,,,
519,,NA,,,,,,,,,
520,,NA,,,,,,,,,
521,,NA,,,,,,,,,
522,,NA,,,,,,,,,
523,,NA,,,,,,,,,
524,,NA,,,,,,,,,
525,,NA,,,,,,,,,
526,,NA,,,,,,,,,
527,,NA,,,,,,,,,
528,,NA,,,,,,,,,
529,,NA,,,,,,,,,
530,,NA,,,,,,,,,
531,,NA,,,,,,,,,
532,,NA,,,,,,,,,
533,,NA,,,,,,,,,
534,,NA,,,,,,,,,
535,,NA,,,,,,,,,
536,,NA,,,,,,,,,
537,,NA,,,,,,,,,
538,,NA,,,,,,,,,
539,,NA,,,,,,,,,
540,,NA,,,,,,,,,
541,,NA,,,,,,,,,
542,,NA,,,,,,,,,
543,,NA,,,,,,,,,
544,I haven't been able to access this,Did not answer the question,,,,,,,,,
545,,NA,,,,,,,,,
546,,NA,,,,,,,,,
547,,NA,,,,,,,,,
548,,NA,,,,,,,,,
549,,NA,,,,,,,,,
550,,NA,,,,,,,,,
551,,NA,,,,,,,,,
552,,NA,,,,,,,,,
553,,NA,,,,,,,,,
554,,NA,,,,,,,,,
555,,NA,,,,,,,,,
556,,NA,,,,,,,,,
557,,NA,,,,,,,,,
558,,NA,,,,,,,,,
559,,NA,,,,,,,,,
560,,NA,,,,,,,,,
561,,NA,,,,,,,,,
562,,NA,,,,,,,,,
563,,NA,,,,,,,,,
564,"An examination of the impacts of the proposed labelling in other countries that implemented them and their effectiveness should be a primary consideration as it can provide a guide on many concerns e.g. costs to industry, enforcement etc.",Examine impacts of labelling in other countries,,,,,,,,,
565,,NA,,,,,,,,,
566,,NA,,,,,,,,,
567,,NA,,,,,,,,,
568,,NA,,,,,,,,,
569,,NA,,,,,,,,,
570,,NA,,,,,,,,,
571,,NA,,,,,,,,,
572,,NA,,,,,,,,,
573,,NA,,,,,,,,,
574,,NA,,,,,,,,,
575,,NA,,,,,,,,,
576,,NA,,,,,,,,,
577,Please consider eating disorders.,Consider eating disorders,,,,,,,,,
578,,NA,,,,,,,,,
579,,NA,,,,,,,,,
580,,NA,,,,,,,,,
581,,NA,,,,,,,,,
582,,NA,,,,,,,,,
583,,NA,,,,,,,,,
584,,NA,,,,,,,,,
585,,NA,,,,,,,,,
586,,NA,,,,,,,,,
587,,NA,,,,,,,,,
588,,NA,,,,,,,,,
589,,NA,,,,,,,,,
590,,NA,,,,,,,,,
591,,NA,,,,,,,,,
592,,NA,,,,,,,,,
593,,NA,,,,,,,,,
594,,NA,,,,,,,,,
595,,NA,,,,,,,,,
596,,NA,,,,,,,,,
597,,NA,,,,,,,,,
598,,NA,,,,,,,,,
599,,NA,,,,,,,,,
600,,NA,,,,,,,,,
601,,NA,,,,,,,,,
602,,NA,,,,,,,,,
603,,NA,,,,,,,,,
604,,NA,,,,,,,,,
605,,NA,,,,,,,,,
606,,NA,,,,,,,,,
607,,NA,,,,,,,,,
608,,NA,,,,,,,,,
609,,NA,,,,,,,,,
610,,NA,,,,,,,,,
611,,NA,,,,,,,,,
612,,NA,,,,,,,,,
613,,NA,,,,,,,,,
614,,NA,,,,,,,,,
615,,NA,,,,,,,,,
616,,NA,,,,,,,,,
617,,NA,,,,,,,,,
618,,NA,,,,,,,,,
619,,NA,,,,,,,,,
620,,NA,,,,,,,,,
621,,NA,,,,,,,,,
622,,NA,,,,,,,,,
623,,NA,,,,,,,,,
624,,NA,,,,,,,,,
625,The system is corrupt as long as you keep subsidising these industries. You need to take a bold stance if you actually care about people's health. Telling them to drop 5lbs and count calories is bull shit advice. ,Did not answer the question,,,,,,,,,
626,,NA,,,,,,,,,
627,,NA,,,,,,,,,
628,,NA,,,,,,,,,
629,,NA,,,,,,,,,
630,,NA,,,,,,,,,
631,,NA,,,,,,,,,
632,,NA,,,,,,,,,
633,,NA,,,,,,,,,
634,,NA,,,,,,,,,
635,,NA,,,,,,,,,
636,,NA,,,,,,,,,
637,"The following evaluation points are particularly important:   What is the impact on particular groups? This question is important and needs to be considered for eating disordered sufferers and carers.  Are there any unforeseen consequences (either advantages or disadvantages)? This question is important and needs to be considered in terms of the unintended consequences of costs for the NHS, if individuals with eating disorders are negatively affected and subsequently need higher levels of inpatient care to treat their eating disorder which may get exacerbated. ",Consider eating disorders,,,,,,,,,
638,,NA,,,,,,,,,
639,,NA,,,,,,,,,
640,,NA,,,,,,,,,
641,,NA,,,,,,,,,
642,,NA,,,,,,,,,
643,,NA,,,,,,,,,
644,,NA,,,,,,,,,
645,,NA,,,,,,,,,
646,,NA,,,,,,,,,
647,,NA,,,,,,,,,
648,,NA,,,,,,,,,
649,,NA,,,,,,,,,
650,,NA,,,,,,,,,
651,,NA,,,,,,,,,
652,Consider the impact upon those with e disorders,Consider eating disorders,,,,,,,,,
653,,NA,,,,,,,,,
654,,NA,,,,,,,,,
655,,NA,,,,,,,,,
656,,NA,,,,,,,,,
657,,NA,,,,,,,,,
658,,NA,,,,,,,,,
659,,NA,,,,,,,,,
660,,NA,,,,,,,,,
661,,NA,,,,,,,,,
662,,NA,,,,,,,,,
663,,NA,,,,,,,,,
664,,NA,,,,,,,,,
665,,NA,,,,,,,,,
666,,NA,,,,,,,,,
667,,NA,,,,,,,,,
668,,NA,,,,,,,,,
669,,NA,,,,,,,,,
670,,NA,,,,,,,,,
671,,NA,,,,,,,,,
672,,NA,,,,,,,,,
673,,NA,,,,,,,,,
674,,NA,,,,,,,,,
675,,NA,,,,,,,,,
676,,NA,,,,,,,,,
677,,NA,,,,,,,,,
678,,NA,,,,,,,,,
679,,NA,,,,,,,,,
680,,NA,,,,,,,,,
681,,NA,,,,,,,,,
682,,NA,,,,,,,,,
683,,NA,,,,,,,,,
684,,NA,,,,,,,,,
685,,NA,,,,,,,,,
686,,NA,,,,,,,,,
687,,NA,,,,,,,,,
688,,NA,,,,,,,,,
689,"Put the money where its needed, into therapy for the obese. And help for those struggling with eating dissorders. A healthy relationship with food will not be made from a colourful label!",Did not answer the question,,,,,,,,,
690,,NA,,,,,,,,,
691,,NA,,,,,,,,,
692,,NA,,,,,,,,,
693,,NA,,,,,,,,,
694,,NA,,,,,,,,,
695,,NA,,,,,,,,,
696,,NA,,,,,,,,,
697,,NA,,,,,,,,,
698,,NA,,,,,,,,,
699,,NA,,,,,,,,,
700,,NA,,,,,,,,,
701,,NA,,,,,,,,,
702,,NA,,,,,,,,,
703,,NA,,,,,,,,,
704,,NA,,,,,,,,,
705,,NA,,,,,,,,,
706,,NA,,,,,,,,,
707,,NA,,,,,,,,,
708,,NA,,,,,,,,,
709,,NA,,,,,,,,,
710,,NA,,,,,,,,,
711,,NA,,,,,,,,,
712,,NA,,,,,,,,,
713,,NA,,,,,,,,,
714,,NA,,,,,,,,,
715,,NA,,,,,,,,,
716,,NA,,,,,,,,,
717,,NA,,,,,,,,,
718,,NA,,,,,,,,,
719,,NA,,,,,,,,,
720,,NA,,,,,,,,,
721,,NA,,,,,,,,,
722,,NA,,,,,,,,,
723,,NA,,,,,,,,,
724,,NA,,,,,,,,,
725,,NA,,,,,,,,,
726,,NA,,,,,,,,,
727,,NA,,,,,,,,,
728,,NA,,,,,,,,,
729,,NA,,,,,,,,,
730,,NA,,,,,,,,,
731,,NA,,,,,,,,,
732,,NA,,,,,,,,,
733,,NA,,,,,,,,,
734,,NA,,,,,,,,,
735,,NA,,,,,,,,,
736,,NA,,,,,,,,,
737,,NA,,,,,,,,,
738,,NA,,,,,,,,,
739,,NA,,,,,,,,,
740,,NA,,,,,,,,,
741,,NA,,,,,,,,,
742,,NA,,,,,,,,,
743,,NA,,,,,,,,,
744,,NA,,,,,,,,,
745,,NA,,,,,,,,,
746,,NA,,,,,,,,,
747,,NA,,,,,,,,,
748,,NA,,,,,,,,,
749,,NA,,,,,,,,,
750,,NA,,,,,,,,,
751,,NA,,,,,,,,,
752,,NA,,,,,,,,,
753,,NA,,,,,,,,,
754,,NA,,,,,,,,,
755,,NA,,,,,,,,,
756,,NA,,,,,,,,,
757,,NA,,,,,,,,,
758,,NA,,,,,,,,,
759,,NA,,,,,,,,,
760,,NA,,,,,,,,,
761,,NA,,,,,,,,,
762,,NA,,,,,,,,,
763,,NA,,,,,,,,,
764,,NA,,,,,,,,,
765,,NA,,,,,,,,,
766,,NA,,,,,,,,,
767,Waste of money unless you address the root of the issue,Did not answer the question,,,,,,,,,
768,,NA,,,,,,,,,
769,,NA,,,,,,,,,
770,,NA,,,,,,,,,
771,,NA,,,,,,,,,
772,,NA,,,,,,,,,
773,,NA,,,,,,,,,
774,,NA,,,,,,,,,
775,,NA,,,,,,,,,
776,,NA,,,,,,,,,
777,,NA,,,,,,,,,
778,,NA,,,,,,,,,
779,,NA,,,,,,,,,
780,,NA,,,,,,,,,
781,,NA,,,,,,,,,
782,,NA,,,,,,,,,
783,,NA,,,,,,,,,
784,,NA,,,,,,,,,
785,,NA,,,,,,,,,
786,,NA,,,,,,,,,
787,,NA,,,,,,,,,
788,,NA,,,,,,,,,
789,,NA,,,,,,,,,
790,,NA,,,,,,,,,
791,,NA,,,,,,,,,
792,,NA,,,,,,,,,
793,,NA,,,,,,,,,
794,,NA,,,,,,,,,
795,,NA,,,,,,,,,
796,,NA,,,,,,,,,
797,,NA,,,,,,,,,
798,,NA,,,,,,,,,
799,,NA,,,,,,,,,
800,,NA,,,,,,,,,
801,,NA,,,,,,,,,
802,,NA,,,,,,,,,
803,,NA,,,,,,,,,
804,,NA,,,,,,,,,
805,,NA,,,,,,,,,
806,,NA,,,,,,,,,
807,,NA,,,,,,,,,
808,,NA,,,,,,,,,
809,,NA,,,,,,,,,
810,,NA,,,,,,,,,
811,,NA,,,,,,,,,
812,,NA,,,,,,,,,
813,,NA,,,,,,,,,
814,,NA,,,,,,,,,
815,"computer algorithm to add points for proper natural fibre so companies dont add low quality cellulose to push up the fibre i  a  attempt to seem healthy. also fake sugars aspartame etc are worse than natural sugars so dont encourage manufacturers to use artificial sweeteners just to avoid being punished by having a red label. we want si ple, unprocessed, natural, untampered i gredients and want to reward companies who provide that.  highly processed, multiple ingredients, long shelf is great for the manufacturers but bad for the nations health. ",further nutritional information,,,,,,,,,
816,,NA,,,,,,,,,
817,not yet read,Did not answer the question,,,,,,,,,
818,,NA,,,,,,,,,
819,,NA,,,,,,,,,
820,,NA,,,,,,,,,
821,,NA,,,,,,,,,
822,,NA,,,,,,,,,
823,,NA,,,,,,,,,
824,,NA,,,,,,,,,
825,,NA,,,,,,,,,
826,,NA,,,,,,,,,
827,,NA,,,,,,,,,
828,,NA,,,,,,,,,
829,,NA,,,,,,,,,
830,,NA,,,,,,,,,
831,,NA,,,,,,,,,
832,,NA,,,,,,,,,
833,,NA,,,,,,,,,
834,,NA,,,,,,,,,
835,,NA,,,,,,,,,
836,,NA,,,,,,,,,
837,,NA,,,,,,,,,
838,,NA,,,,,,,,,
839,,NA,,,,,,,,,
840,,NA,,,,,,,,,
841,,NA,,,,,,,,,
842,,NA,,,,,,,,,
843,,NA,,,,,,,,,
844,,NA,,,,,,,,,
845,,NA,,,,,,,,,
846,,NA,,,,,,,,,
847,,NA,,,,,,,,,
848,,NA,,,,,,,,,
849,,NA,,,,,,,,,
850,,NA,,,,,,,,,
851,,NA,,,,,,,,,
852,,NA,,,,,,,,,
853,,NA,,,,,,,,,
854,,NA,,,,,,,,,
855,,NA,,,,,,,,,
856,,NA,,,,,,,,,
857,,NA,,,,,,,,,
858,,NA,,,,,,,,,
859,,NA,,,,,,,,,
860,,NA,,,,,,,,,
861,,NA,,,,,,,,,
862,,NA,,,,,,,,,
863,,NA,,,,,,,,,
864,,NA,,,,,,,,,
865,,NA,,,,,,,,,
866,,NA,,,,,,,,,
867,,NA,,,,,,,,,
868,,NA,,,,,,,,,
869,,NA,,,,,,,,,
870,,NA,,,,,,,,,
871,,NA,,,,,,,,,
872,,NA,,,,,,,,,
873,,NA,,,,,,,,,
874,,NA,,,,,,,,,
875,,NA,,,,,,,,,
876,,NA,,,,,,,,,
877,,NA,,,,,,,,,
878,,NA,,,,,,,,,
879,,NA,,,,,,,,,
880,,NA,,,,,,,,,
881,,NA,,,,,,,,,
882,,NA,,,,,,,,,
883,,NA,,,,,,,,,
884,,NA,,,,,,,,,
885,,NA,,,,,,,,,
886,,NA,,,,,,,,,
887,,NA,,,,,,,,,
888,,NA,,,,,,,,,
889,,NA,,,,,,,,,
890,,NA,,,,,,,,,
891,,NA,,,,,,,,,
892,,NA,,,,,,,,,
893,,NA,,,,,,,,,
894,,NA,,,,,,,,,
895,,NA,,,,,,,,,
896,,NA,,,,,,,,,
897,,NA,,,,,,,,,
898,,NA,,,,,,,,,
899,,NA,,,,,,,,,
900,,NA,,,,,,,,,
901,,NA,,,,,,,,,
902,,NA,,,,,,,,,
903,,NA,,,,,,,,,
904,,NA,,,,,,,,,
905,,NA,,,,,,,,,
906,,NA,,,,,,,,,
907,,NA,,,,,,,,,
908,,NA,,,,,,,,,
909,,NA,,,,,,,,,
910,,NA,,,,,,,,,
911,,NA,,,,,,,,,
912,,NA,,,,,,,,,
913,,NA,,,,,,,,,
914,,NA,,,,,,,,,
915,,NA,,,,,,,,,
916,,NA,,,,,,,,,
917,,NA,,,,,,,,,
918,,NA,,,,,,,,,
919,,NA,,,,,,,,,
920,,NA,,,,,,,,,
921,,NA,,,,,,,,,
922,,NA,,,,,,,,,
923,,NA,,,,,,,,,
924,,NA,,,,,,,,,
925,,NA,,,,,,,,,
926,,NA,,,,,,,,,
927,,NA,,,,,,,,,
928,,NA,,,,,,,,,
929,,NA,,,,,,,,,
930,,NA,,,,,,,,,
931,,NA,,,,,,,,,
932,,NA,,,,,,,,,
933,,NA,,,,,,,,,
934,,NA,,,,,,,,,
935,,NA,,,,,,,,,
936,,NA,,,,,,,,,
937,,NA,,,,,,,,,
938,,NA,,,,,,,,,
939,,NA,,,,,,,,,
940,,NA,,,,,,,,,
941,"A further option, that of reconsidering nutritional research, should be included before anything else.",Did not answer the question,,,,,,,,,
942,,NA,,,,,,,,,
943,,NA,,,,,,,,,
944,,NA,,,,,,,,,
945,,NA,,,,,,,,,
946,,NA,,,,,,,,,
947,,NA,,,,,,,,,
948,,NA,,,,,,,,,
949,,NA,,,,,,,,,
950,,NA,,,,,,,,,
951,,NA,,,,,,,,,
952,,NA,,,,,,,,,
953,,NA,,,,,,,,,
954,,NA,,,,,,,,,
955,,NA,,,,,,,,,
956,,NA,,,,,,,,,
957,,NA,,,,,,,,,
958,,NA,,,,,,,,,
959,,NA,,,,,,,,,
960,"Yes, I looked it up. I like how it has tried (as far as I can see) to be thorough on topics it has covered.",NA,,,,,,,,,
961,,NA,,,,,,,,,
962,,NA,,,,,,,,,
963,,NA,,,,,,,,,
964,,NA,,,,,,,,,
965,,NA,,,,,,,,,
966,,NA,,,,,,,,,
967,,NA,,,,,,,,,
968,,NA,,,,,,,,,
969,,NA,,,,,,,,,
970,,NA,,,,,,,,,
971,,NA,,,,,,,,,
972,I'm unable to open the technical Annex,Did not answer the question,,,,,,,,,
973,,NA,,,,,,,,,
974,,NA,,,,,,,,,
975,,NA,,,,,,,,,
976,,NA,,,,,,,,,
977,,NA,,,,,,,,,
978,,NA,,,,,,,,,
979,,NA,,,,,,,,,
980,unable to access it - don't know why.,Did not answer the question,,,,,,,,,
981,,NA,,,,,,,,,
982,,NA,,,,,,,,,
983,,NA,,,,,,,,,
984,,NA,,,,,,,,,
985,,NA,,,,,,,,,
986,,NA,,,,,,,,,
987,,NA,,,,,,,,,
988,,NA,,,,,,,,,
989,,NA,,,,,,,,,
990,,NA,,,,,,,,,
991,,NA,,,,,,,,,
992,,NA,,,,,,,,,
993,,NA,,,,,,,,,
994,Have all cultures and ethnic backgrounds been considered into the relevance of this?,Did not answer the question,,,,,,,,,
995,,NA,,,,,,,,,
996,,NA,,,,,,,,,
997,,NA,,,,,,,,,
998,,NA,,,,,,,,,
999,,NA,,,,,,,,,
1000,No comment,NA,,,,,,,,,
1001,,NA,,,,,,,,,
1002,,NA,,,,,,,,,
1003,,NA,,,,,,,,,
1004,,NA,,,,,,,,,
1005,,NA,,,,,,,,,
1006,,NA,,,,,,,,,
1007,,NA,,,,,,,,,
1008,,NA,,,,,,,,,
1009,,NA,,,,,,,,,
1010,,NA,,,,,,,,,
1011,,NA,,,,,,,,,
1012,,NA,,,,,,,,,
1013,,NA,,,,,,,,,
1014,,NA,,,,,,,,,
1015,,NA,,,,,,,,,
1016,,NA,,,,,,,,,
1017,,NA,,,,,,,,,
1018,,NA,,,,,,,,,
1019,,NA,,,,,,,,,
1020,,NA,,,,,,,,,
1021,,NA,,,,,,,,,
1022,,NA,,,,,,,,,
1023,,NA,,,,,,,,,
1024,,NA,,,,,,,,,
1025,,NA,,,,,,,,,
1026,,NA,,,,,,,,,
1027,,NA,,,,,,,,,
1028,,NA,,,,,,,,,
1029,,NA,,,,,,,,,
1030,What am I doing here?  I am going back to the real world.,NA,,,,,,,,,
1031,,NA,,,,,,,,,
1032,The criteria should acknowledge that food labelling is more important to some groups of people with disabilities (etc.) than to others.,Consider eating disorders,,,,,,,,,
1033,"This annex sets out early thinking on:  ‚Ä¢ How different options for improving FOPNL labels will be appraised; ‚Ä¢ What costs and benefits may potentially arise; ‚Ä¢ Some provisional commentary on each of the specific suggestions included in the consultation.  Updating the current labels in line with the latest evidence, using a ‚ÄúNutri-score‚Äù style of labelling and/or adopting a ‚ÄúWarning Labels‚Äù approach will undoubtedly create unknown costs, and to what benefit?. Our current obligations to meet compliance with EU Food Information to Consumers Regulation (EU FIC) will no doubt be subsumed into UK law on 31/12/2020 at 11:59 pm.  Whether the UK, post December 31st chooses to legislate to to repeal aspects of EU legislation be that we regard to food, agriculture, domestic law is still to be debated. Currently, this is provisional. I believe that the UK Traffic light system, like the Red Tractor symbol are clear and they are understood by the British Public. If it is working, or ‚Äòit isn‚Äôt broken‚Äô then do not try to fix it, maybe make it clearer or improve on what it actually means. One of the key drivers will be how individuals choose to live their lives.  ",Did not answer the question,,,,,,,,,
1034,,NA,,,,,,,,,
1035,,NA,,,,,,,,,
1036,,NA,,,,,,,,,
1037,,NA,,,,,,,,,
1038,,NA,,,,,,,,,
1039,people prefer simple explanations         ,Did not answer the question,,,,,,,,,
1040,,NA,,,,,,,,,
1041,,NA,,,,,,,,,
1042,,NA,,,,,,,,,
1043,,NA,,,,,,,,,
1044,,NA,,,,,,,,,
1045,,NA,,,,,,,,,
1046,,NA,,,,,,,,,
1047,Sounds good to me. ,NA,,,,,,,,,
1048,,NA,,,,,,,,,
1049,,NA,,,,,,,,,
1050,,NA,,,,,,,,,
1051,Doing nothing / or if maintaining the current scheme as is currently recommended; all should be VOLUNTARY. ,Mandatory,,,,,,,,,
1052,,NA,,,,,,,,,
1053,,NA,,,,,,,,,
1054,,NA,,,,,,,,,
1055,,NA,,,,,,,,,
1056,,NA,,,,,,,,,
1057,,NA,,,,,,,,,
1058,,NA,,,,,,,,,
1059,,NA,,,,,,,,,
1060,,NA,,,,,,,,,
1061,,NA,,,,,,,,,
1062,,NA,,,,,,,,,
1063,"Unfortunately I do not have time to read all the Technical Annex, as an individual.",Did not answer the question,,,,,,,,,
1064,,NA,,,,,,,,,
1065,,NA,,,,,,,,,
1066,,NA,,,,,,,,,
1067,,NA,,,,,,,,,
1068,,NA,,,,,,,,,
1069,,NA,,,,,,,,,
1070,,NA,,,,,,,,,
1071,,NA,,,,,,,,,
1072,,NA,,,,,,,,,
1073,,NA,,,,,,,,,
1074,,NA,,,,,,,,,
1075,,NA,,,,,,,,,
1076,,NA,,,,,,,,,
1077,,NA,,,,,,,,,
1078,,NA,,,,,,,,,
1079,,NA,,,,,,,,,
1080,,NA,,,,,,,,,
1081,,NA,,,,,,,,,
1082,,NA,,,,,,,,,
1083,,NA,,,,,,,,,
1084,,NA,,,,,,,,,
1085,,NA,,,,,,,,,
1086,,NA,,,,,,,,,
1087,,NA,,,,,,,,,
1088,,NA,,,,,,,,,
1089,"I think the present system is the best, but could be extended",Did not answer the question,,,,,,,,,
1090,,NA,,,,,,,,,
1091,,NA,,,,,,,,,
1092,,NA,,,,,,,,,
1093,,NA,,,,,,,,,
1094,,NA,,,,,,,,,
1095,,NA,,,,,,,,,
1096,,NA,,,,,,,,,
1097,,NA,,,,,,,,,
1098,,NA,,,,,,,,,
1099,,NA,,,,,,,,,
1100,,NA,,,,,,,,,
1101,"Regarding the potential benefits and costs, I question whether, in equality terms, it is valid to assess increase in healthier eating choices, inasmuch as these choices for significant  parts of society are driven more by cost and the ability to make ends meet, than any unfathomable prospect of improved health, protection from morbidities, or prolonging good quality life.  Decisions are typically made on the basis of what works now, rather than some sort of potential future gain",Did not answer the question,,,,,,,,,
1102,,NA,,,,,,,,,
1103,,NA,,,,,,,,,
1104,,NA,,,,,,,,,
1105,,NA,,,,,,,,,
1106,,NA,,,,,,,,,
1107,,NA,,,,,,,,,
1108,,NA,,,,,,,,,
1109,,NA,,,,,,,,,
1110,,NA,,,,,,,,,
1111,,NA,,,,,,,,,
1112,,NA,,,,,,,,,
1113,,NA,,,,,,,,,
1114,,NA,,,,,,,,,
1115,,NA,,,,,,,,,
1116,,NA,,,,,,,,,
1117,,NA,,,,,,,,,
1118,,NA,,,,,,,,,
1119,,NA,,,,,,,,,
1120,,NA,,,,,,,,,
1121,,NA,,,,,,,,,
1122,,NA,,,,,,,,,
1123,,NA,,,,,,,,,
1124,,NA,,,,,,,,,
1125,,NA,,,,,,,,,
1126,,NA,,,,,,,,,
1127,,NA,,,,,,,,,
1128,,NA,,,,,,,,,
1129,,NA,,,,,,,,,
1130,,NA,,,,,,,,,
1131,,NA,,,,,,,,,
1132,,NA,,,,,,,,,
1133,,NA,,,,,,,,,
1134,,NA,,,,,,,,,
1135,,NA,,,,,,,,,
1136,,NA,,,,,,,,,
1137,,NA,,,,,,,,,
1138,,NA,,,,,,,,,
1139,,NA,,,,,,,,,
1140,,NA,,,,,,,,,
1141,The cost should prove negligible when compared with the increase in awareness a properly thought out simple set of messages could produce.,Did not answer the question,,,,,,,,,
1142,,NA,,,,,,,,,
1143,"Hello  Hope you are good + thank you for all you do ...  I expect you know BAME + people of colour are over represented in the mental health system ?  New podcast: Covid-19, racism and the roots of health inequality  This recent article maybe of interest ?  Society / Psychiatrists urge new leader to rid profession of institutional racism  You may also be interested in our recent petition ?  Abolish the Mental Health Act ‚Äì PETITION ‚Äì PLEASE SIGN!  If you think it is a good idea please sign + promote ?  We are currently using the freedom of information act to gather information around restraints , electro convulsive treatment , seclusion , meds errors + serious incidents  We are asking questions relating specifically to people of colour ( apologise if this is not the correct term) to demonstrate institutional problems ?  It is an expansion of ongoing work ...  Here is a video that hopefully explains I hallucinate and hear voices but I am not ill and I do not take psychiatric drugs ...  Some people would like more Crisis centres somewhere peaceful to stay for a few days...   Some of my friends are homeless and sectioned under the Mental Health act ...   https://www.kingsfund.org.uk/events/integrating-housing-and-health  https://www.theguardian.com/artanddesign/2019/jul/16/norwich-goldsmith-street-social-housing-green-design  Racheal Byrne - Home Group - states around 15:27 minutes into the seminar that their work on MH step down with Greater Manchester NHS trust ...  https://www.homegroup.org.uk/Corporate/Care-and-Support-Partners/Mental-Health-Step-Down  Has saved a lot of public money + helped people ...  Their work has shown 80% of people on acute wards are homeless ...  So why are the powers that be ignoring this work?  https://www.england.nhs.uk/2020/03/mental-health-crisis-services-rolled-out-across-england/  Some of my friends are being bullied by the DWP this bullying is affecting their health ‚Ä¶  Some of my friends are in very poor housing and have been for months, which affects their well-being ‚Ä¶.  Some of my friends are being forced to take depot injections which they think are unhealthy for them ‚Ä¶  https://www.bbc.co.uk/news/health-49639914  https://www.dailymail.co.uk/news/article-7445657/One-four-people-hooked-prescription-drugs-official-review-calls-national-helpline.html  Some of my friend would like to reduce their psychiatric drugs but there is no medical support for them to do this ‚Ä¶  Some of my friends feel they are being taken off psychiatric drugs too quickly ...  Some of my friends have said they would like therapeutic communities for their loved ones ...  https://digital.nhs.uk/data-and-information/publications/statistical/mental-health-act-statistics-annual-figures/2018-19-annual-figures  https://www.powertochange.org.uk/news/new-report-reveals-local-authorities-can-strengthen-localism-unlock-power-community-partnership/  Some of my friends are frightened to complain as they fear this will make their situation worse.  Some of my friends do give feedback (with support) but their concerns are not acknowledged or acted upon.  https://www.healthwatch.co.uk/report/2019-08-28/creating-learning-culture-social-care  https://www.richmondandtwickenhamtimes.co.uk/news/18118905.councillor-criticises-richmonds-carers-strategy-speaking-experiences/  Many of my friends in the Mental Health system are BAME / POC ‚Ä¶  https://www.kingsfund.org.uk/audio-video/podcast/david-williams-racism-discrimination-health  https://www.kingsfund.org.uk/audio-video/dr-jacqui-dyer-improving-health-urban-communities  Some of my friends have problems raising funds for good community ideas: -  https://www.nesta.org.uk/blog/felicitations-madame-mayor-participatory-budgeting-in-paris-hits-new-highs/  https://www.kingsfund.org.uk/audio-video/donna-hall-wigan-story  https://www.local.gov.uk/sites/default/files/documents/Achieving Integrated Care- 15 best practice actions WEB.pdf  https://www.theguardian.com/politics/2019/jan/09/what-is-a-citizens-assembly-brexit-explainer  https://www.oxford.gov.uk/info/20011/environment/1343/oxford_citizens_assembly_on_climate_change  Repairing our social fabric  https://www.ukonward.com/wp-content/uploads/2020/03/ONWJ8080-Community-report-200304-WEB.pdf  Human rights abuses within Mental Health are not considered or acted upon.  For example, I used the Freedom of Information act to request information regarding restraints, seclusion, ECT and serious incidents.  After over 133 correspondences + 4 months this is the information that has been disclosed.     2018 	  ECT 	  SERIOUS INCIDENTS 	  RESTRAINTS 	  SECLUSION  SLAM 	  54 	  99 	  2559 	  648  SWLSTG 	  38 	  77 	  1467 	  255  CNWL 	  62 	  116 	  1775 	  622  ELFT 	  59 	  161 	  3144 	  1215  West London 	  24 	  66 	  1247 	  1162   Next year, time permitting, I plan to gather this information for the 66 Mental Health trusts + ask about medication errors.  Then there is Carolyn Gullery from New Zealand + their approach: -  https://www.kingsfund.org.uk/publications/payments-contracting-integrated-care  Though I am not comfortable with Clinical lead decision making (Ben Goldacre‚Äôs books Bad Pharma + Bad Science are relevant here?) Power to the people I say!  The homelessness work done by Andy Burnham‚Äôs team is very positive in my opinion ‚Ä¶  https://www.themeteor.org/2018/12/23/burnhams-bed-every-night-scheme-enough/  https://www.theguardian.com/commentisfree/2017/may/10/andy-burnham-salary-manchester-homeless  The work in Birmingham + Preston is also very interesting ‚Ä¶.  https://www.theguardian.com/society/2019/may/23/birmingham-to-begin-accident-and-emergency-online-chat-service-in-tech-revolution-for-nhs-care     ‚ÄúWe needed a new economic model. It was obvious that we needed something new and different and radical, based upon the economic crash of 2008 which affected us quite badly.  That wealth extraction, that straight-jacket that we‚Äôre in, we want to tackle by offering an alternative‚Ä¶  So, you‚Äôre getting that virtual cycle of keeping wealth in the community and democratising the wealth as well, and democratising the economy.  We are actually bringing that democracy back. And let‚Äôs compete with the big banks.  If people get educated I think we could create some kind of really strong movement.‚Äù  ~ Preston City Council Leader Matthew Brown   As is ‚Ä¶ Local Futures ‚Äì Economics of happiness  https://www.localfutures.org/  https://www.youtube.com/watch?v=4r06_F2FIKM  https://www.youtube.com/watch?v=bm2wzolIuvw&feature=youtu.be  https://www.localfutures.org/programs/global-to-local/insane-trade-short-film-factsheet/  Experts by experience that are paid and peer support are vital.  https://discover.dc.nihr.ac.uk/content/signal-000673/mental-health-crisis-readmissions-may-reduce-with-peer-support  https://www.mentalhealth.org.uk/projects/peer-education-project-pep  https://www.dorsethealthcare.nhs.uk/patients-and-visitors/our-services-hospitals/mental-health/retreat  Please be aware of the following: -  https://www.youtube.com/watch?v=zDZFcDGpL4U  https://www.taxjustice.net/2018/10/05/how-the-city-of-london-makes-us-all-poorer-infographic/  Dr James Davies: The Origins of the DSM  https://www.youtube.com/watch?v=6JPgpasgueQ  Pat Braken's work ....  https://www.youtube.com/watch?v=cV5RKT6Q8qU  Jo Moncrieff's work ...  https://www.youtube.com/watch?v=FjTisLX4q1Y  Joanna Moncrieff and The Radar project FEEL (Friends of East End Loonies) hosted this event at Kingsley Hall with Joanna Moncrieff critical psychiatrist...  https://www.youtube.com/watch?v=eAnVi3Zuay4  https://www.madinamerica.com/2019/04/psychiatrists-view-drug-free-programs-psychosis-unscientific-study-finds/  Hearing Voices Network  https://www.hearing-voices.org/  nsun (national survivor user network), network for mental health in England, UK. Independent,  https://www.nsun.org.uk/  national paranoia network  http://www.nationalparanoianetwork.org/  Zero tolerance to suicide alliance  https://www.zerosuicidealliance.com/  https://discover.dc.nihr.ac.uk/content/signal-000672/guided-online-interventions-can-help-people-recover-from-depression  http://www.suicidecrisis.co.uk/  Micheala Amering's work ....      https://news.liverpool.ac.uk/2014/04/25/viewpoint-the-medicalisation-of-human-distress/  https://www.shapingourlives.org.uk/wp-content/uploads/2016/05/FROM-MENTAL-ILLNESS-PDF-2.pdf  Ben Goldacre's Bad Pharma and Bad Science that Doctors and academics made up illnesses for money !   Then there is the BBC series The doctor how gave up drugs  https://www.bbc.co.uk/programmes/b0b578bd  https://www.thetimes.co.uk/magazine/the-times-magazine/is-there-a-cure-foralzheimers-disease-f9tp8st9w  Universal citizen wage  Jon Stone The UK‚Äôs welfare system should be replaced with a single universal basic income paid to all citizens  https://www.independent.co.uk/news/uk/politics/replace-the-benefits-system-with-a-universal-basic-income-paid-to-all-citizens-think-tank-recommends-a6777101.html  A no-strings basic income? If it works for the royal family, it can work... Don‚Äôt choke at the idea of a universal basic income. It benefits many ‚Äì from beggars to entrepreneurs   https://www.theguardian.com/world/2015/dec/26/dutch-city-utrecht-basic-income-uk-greens     Citizen control 	  Degree of citizen power  Delegated power  Partnership  Placation 	  Degree of tokenism  Consultation  Informing  Therapy 	  Non participation  manipulation     Old power 	  New power  Currency 	  Current  Held by few 	  Made by many  Pushed down 	  Pulled in  Commanded 	  Shared  Closed 	  Open  transaction 	  relationships   https://kingsfundmail.org.uk/21A8-65EAV-E6P6XO5H88/cr.aspx  Driving forward health equity ‚Äì the role of accountability, policy coherence, social participation and empowerment  https://apps.who.int/iris/bitstream/handle/10665/324901/9789289054133-eng.pdf     The Royal College of Psychiatrists booklet ‚ÄúSchizophrenia‚Äù (page 26) states: -  ‚Äú...if there is an inaccurate or abusive item about schizophrenia in the press, a radio talk show or a TV, don‚Äôt get depressed, get active. Write a letter, e-mail them, phone them up and tell them where they are wrong. It works! ‚Ä¶‚Äù  Why just restrict this to the media?  How can this be? things need to change .... pay ratios idea?  Titans of industry earn more than average annual wage in three days By Tom Knowles, Economics Correspondent  https://www.thetimes.co.uk/edition/news/titans-of-industry-earn-more-than-average-annual-wage-in-three-days-wllxdm3w7  Green Party | Green Party calls for wealth tax to tackle soaring inequality  https://www.greenparty.org.uk/news/2017/01/16/green-party-calls-for-wealth-tax-to-tackle-soaring-inequality/  Hope ? https://www.theguardian.com/commentisfree/2017/may/10/andy-burnham-salary-manchester-homeless  From the Economist ‚Ä¶.  https://films.economist.com/nowandnext/#work-next  If I am lucky enough to never need surgery, then a road sweeper is more important to me than a surgeon?  Or should I sweep the road myself?  The Mental Health act needs to be repealed it is one of the few areas of law where you can be locked away for something you may do!  Restraints, ECT and serious incidents in the Mental Health system needs to be reviewed by members of the public.  https://www.cqc.org.uk/sites/default/files/20161213-learning-candour-accountability-full-report.pdf  https://www.cqc.org.uk/publications/major-report/monitoring-mental-health-act-201819  Not just me? https://www.theguardian.com/world/2018/oct/01/police-stun-guns-mentally-ill-patients-health-uk  https://www.theguardian.com/society/2018/oct/04/secure-hospitals-are-not-penal-institutions  https://www.theguardian.com/society/2018/oct/08/ptsd-rates-increase-in-uk-military-personnel  https://www.independent.co.uk/news/health/depression-withdrawal-symptoms-antidepressants-side-effects-nice-prescription-drugs-a8565066.html  ‚ÄòIt‚Äôs Torture‚Äô: Critics Step Up Bid to Stop Use of Electric Shocks on Children  From The Guardian: A coalition of advocacy groups led by Disability Rights International have written to the human rights arm of the Organisation of American States, based in Washington, demanding that the U.S., which is one of its 35 member states, impose a federal ban on electric shock. Neuroscientists Make a Case against Solitary Confinement  From Scientific American: Neuroscientists, lawyers and activists have teamed up with the goal of abolishing solitary confinement as cruel and unusual punishment, stating that social isolation and sensory deprivation can have traumatic effects on the brain, many of which may be irreversible.  Some things I have known for years ‚Ä¶  https://www.theguardian.com/society/2018/sep/09/nhs-land-earmarked-for-sale-to-developers  https://www.gov.scot/policies/land-reform/community-right-to-buy/  https://www.theguardian.com/society/2018/sep/11/nhs-care-regulator-says-sexual-incidents-commonplace-in-mental-health-units  https://www.ombudsman.org.uk/news-and-blog/news/1-5-mental-health-patients-dont-feel-safe-nhs-care-ombudsman-finds  Mental Health is one of the few areas where you cannot refuse treatment.  Mental health hospitals need to be closed as per Italy and a move to respite implemented: -  http://www.richmondandtwickenhamtimes.co.uk/news/14778547.Police_officer_tells_how_new_mental_health_haven_spares_people_trauma_of_being_sectioned_and_saves_colleagues_hours_of_work/  https://www.nuffieldtrust.org.uk/news-item/reinventing-the-hospital  https://www.theguardian.com/books/2015/aug/19/man-who-closed-asylums-franco-basaglia-review  Then there are people assemblies to resolve the poor public services we have?  https://www.youtube.com/watch?v=__AEab_qDwk  https://youtu.be/aOtFYMDiOtI  https://youtu.be/d8eqWBVtD2g  https://www.youtube.com/watch?v=wPHXx8VMhMM  https://youtu.be/3MpozzEMlkE  https://www.youtube.com/watch?v=0ddU_UaBfPI  https://www.bbc.co.uk/sounds/play/m0000mkd  http://www.nlgn.org.uk/public/wp-content/uploads/The-Community-Paradigm_FINAL.pdf  http://www.nlgn.org.uk/public/wp-content/uploads/Community-Commissioning.pdf     From Alexis Quinn :-  My name is Alexis Quinn and I am autistic.   In 2012 I was detained under the mental health act for almost three and a half years. I spent time in various psychiatric hospitals and an Assessment and Treatment Unit. The reason I was there was because I am autistic and other people, who were not experts in autism, decided I should not be allowed to leave. Whilst there I was drugged, restrained, secluded, put in long term segregation. I was mistreated.  The events witnessed in the recent Panorama documentary ‚ÄòHospital Abuse Scandal‚Äô and which I detail in my book, Unbroken, showed vulnerable adults who are autistic or have a learning disability being abused and mistreated. These events were truly shocking but because of my experiences, I did not find them surprising.  That‚Äôs why I‚Äôm working with the National Autistic Society to try and bring about change.  To watch the denial of vulnerable people‚Äôs human rights should be regarded as a national scandal but all the more so considering the Government has failed to stop the use of inpatient units such as Whorlton Hall, through its recently-ended Transforming Care programme.  Over 2,000 children and adults remain locked up despite Government promises to end their use.  This is not a question of money, or funding ‚Äì millions of pounds are spent on keeping vulnerable children and adults locked up hundreds of miles from their homes. This is about where the money is spent and what kind of service it is spent on. Autism and learning disabilities are not a mental health condition.  My time in inpatient care cost the state approximately ¬£2.5 million. In reality I could have been easily treated closer to or even in my home and with the support of my family and friends which would have cost a fraction of this amount. The right use of the money spent on locking up autistic people and people with a learning disability is on community services, where people can be in their own homes or closer to their families, not in mental health inpatient units.  Instead I was locked up, shut off from my family, leaving my baby daughter with no mother for months.  I needed help ‚Äì I asked for help ‚Äì and instead I got this.  The time has come for reviews and investigations to end. No more empty promises. No more warm words.   We need action from the Government to stop the use of inpatient units and to safeguard the human rights of vulnerable adults like me, and like Clare, Alex and Paul who we saw in the documentary, who are autistic or have a learning disability.   I call upon the Government to end the abuse and mistreatment of autistic people and people with a learning disability in inpatient units by doing to the following:      Declare that autistic people and people with a learning disability are #HumanToo and must have their human rights safeguarded     Immediately commit to make money available to set up the right community services for autistic people and people with a learning disability - and that this is ring-fenced     Change the wording of the definition of ‚Äòmental disorder‚Äô in the Mental Health Act, which currently includes autism and learning disability ‚Äì whilst legally safeguarding ‚Äòat risk‚Äô individuals access to Care & Treatment Reviews     Establish accountability right across Government to make sure this happens  For information and support on this issue you can visit the National Autistic Society website.  https://www.kingsfund.org.uk/audio-video/population-health-animation  https://www.youtube.com/watch?v=EHkozMIXZ8w  https://www.youtube.com/watch?v=dvba62gObhw  https://www.youtube.com/watch?v=t4LwS5GPgEA  The data speaks for itself.  Each admission, each electro convulsive treatment , restraint, each seclusion, each serious incident, each medication error is a human rights abuse.  We just need to listen?  Alexis Quinn?  Act wisely?  We are not using public money ‚Äì our money well (each admission costs at least ¬£18K)  We need to learn from Italy, Finland, Manchester and others.  Work together?  How will we put the change we need into action? not just strategy papers?  We need the other part of this ‚Äúpicture‚Äù the data from the Haven and community.  In summary my aims are ...  All Mental Health Hospitals should be closed as per Italy; the Haven/ respite/ Home Group model should be adopted - which is part of the NHS long term plan.  The Mental Health Act should be abolished, one of the few areas of law where you can be locked away for something you may do, by people who have a vested interest in locking you away  (James Davies work CRACKED why psychiatry is doing more harm than good is relevant here?)  People should be supported to come off psychiatric drugs if this is their wish ...  Move from a Medical model of distress to a social / Human Rights model of distress ...  From Paternalism to human rights ...  Citizen assemblies, community right to buy, community commissioning, participatory budgeting?  Hope you have a great 2020  In love + solidarity  Wendy Micklewright",Did not answer the question,,,,,,,,,
1144,,NA,,,,,,,,,
1145,,NA,,,,,,,,,
1146,,NA,,,,,,,,,
1147,,NA,,,,,,,,,
1148,,NA,,,,,,,,,
1149,,NA,,,,,,,,,
1150,,NA,,,,,,,,,
1151,,NA,,,,,,,,,
1152,,NA,,,,,,,,,
1153,,NA,,,,,,,,,
1154,,NA,,,,,,,,,
1155,,NA,,,,,,,,,
1156,,NA,,,,,,,,,
1157,,NA,,,,,,,,,
1158,,NA,,,,,,,,,
1159,,NA,,,,,,,,,
1160,,NA,,,,,,,,,
1161,"You are asking all the wrong questions to satisfy the algorithms set up by the computer programmer to make this model, which by using my research will also prove 'computer modelling' is also 'flawed' by not including ALL sciences within the equation.",Did not answer the question,,,,,,,,,
1162,,NA,,,,,,,,,
1163,It must stop food manufacturers from hiding ingredients behind it may contain.,further nutritional information,,,,,,,,,
1164,,NA,,,,,,,,,
1165,,NA,,,,,,,,,
1166,,NA,,,,,,,,,
1167,,NA,,,,,,,,,
1168,,NA,,,,,,,,,
1169,Yes yes yes,Did not answer the question,,,,,,,,,
1170,,NA,,,,,,,,,
1171,,NA,,,,,,,,,
1172,"The crucial question is whether FOPNL influences consumer choice. Given the wide uptake in supermarkets, and that up to 80% of people look at the FOPNL information, can it be that the other 20% account for the majority of the increasing health harms from diet? That is very unlikely indeed. Improving FOPNL without any more radical measures to influence consumer choice will have at best a marginal effect. The accelerating rate of health harms from diet would have shown at least some fluctuation since 2013 if FOPNL was effective on its own, but the report lacks any rigorous data regarding the effects of FOPNL on consumer choice and consequent health",Need data & impact of FOP on health,,,,,,,,,
1173,,NA,,,,,,,,,
1174,,NA,,,,,,,,,
1175,"I have not read all the evidence, as a Consumer, keen to keep healthy, it is important to understand if the Labelling is to improve the Health of our Nation, it first has to attract the Consumer to READ the Product LABELLING. I would be attracted to Products that are LABELLED in COLOUR, the FIRST would b a LETTER of Nutritional Value, the rest will follow. Including the Daily intake of Fat Sugar and Fiber.",Education needed/familiarisation costs,,,,,,,,,
1176,,NA,,,,,,,,,
1177,,NA,,,,,,,,,
1178,,NA,,,,,,,,,
1179,,NA,,,,,,,,,
1180,,NA,,,,,,,,,
1181,,NA,,,,,,,,,
1182,,NA,,,,,,,,,
1183,,NA,,,,,,,,,
1184,,NA,,,,,,,,,
1185,,NA,,,,,,,,,
1186,,NA,,,,,,,,,
1187,,NA,,,,,,,,,
1188,,NA,,,,,,,,,
1189,,NA,,,,,,,,,
1190,,NA,,,,,,,,,
1191,,NA,,,,,,,,,
1192,,NA,,,,,,,,,
1193,,NA,,,,,,,,,
1194,,NA,,,,,,,,,
1195,,NA,,,,,,,,,
1196,,NA,,,,,,,,,
1197,,NA,,,,,,,,,
1198,,NA,,,,,,,,,
1199,,NA,,,,,,,,,
1200,,NA,,,,,,,,,
1201,,NA,,,,,,,,,
1202,,NA,,,,,,,,,
1203,,NA,,,,,,,,,
1204,,NA,,,,,,,,,
1205,,NA,,,,,,,,,
1206,,NA,,,,,,,,,
1207,,NA,,,,,,,,,
1208,,NA,,,,,,,,,
1209,,NA,,,,,,,,,
1210,,NA,,,,,,,,,
1211,,NA,,,,,,,,,
1212,,NA,,,,,,,,,
1213,,NA,,,,,,,,,
1214,,NA,,,,,,,,,
1215,,NA,,,,,,,,,
1216,,NA,,,,,,,,,
1217,,NA,,,,,,,,,
1218,,NA,,,,,,,,,
1219,I couldnt see the technical annex referred to,Did not answer the question,,,,,,,,,
1220,,NA,,,,,,,,,
1221,,NA,,,,,,,,,
1222,,NA,,,,,,,,,
1223,,NA,,,,,,,,,
1224,,NA,,,,,,,,,
1225,,NA,,,,,,,,,
1226,,NA,,,,,,,,,
1227,,NA,,,,,,,,,
1228,,NA,,,,,,,,,
1229,,NA,,,,,,,,,
1230,,NA,,,,,,,,,
1231,,NA,,,,,,,,,
1232,,NA,,,,,,,,,
1233,,NA,,,,,,,,,
1234,,NA,,,,,,,,,
1235,,NA,,,,,,,,,
1236,,NA,,,,,,,,,
1237,,NA,,,,,,,,,
1238,,NA,,,,,,,,,
1239,,NA,,,,,,,,,
1240,,NA,,,,,,,,,
1241,,NA,,,,,,,,,
1242,,NA,,,,,,,,,
1243,,NA,,,,,,,,,
1244,,NA,,,,,,,,,
1245,,NA,,,,,,,,,
1246,,NA,,,,,,,,,
1247,,NA,,,,,,,,,
1248,,NA,,,,,,,,,
1249,,NA,,,,,,,,,
1250,,NA,,,,,,,,,
1251,,NA,,,,,,,,,
1252,,NA,,,,,,,,,
1253,,NA,,,,,,,,,
1254,Obesity managment,Need data & impact of FOP on health,,,,,,,,,
1255,,NA,,,,,,,,,
1256,,NA,,,,,,,,,
1257,,NA,,,,,,,,,
1258,,NA,,,,,,,,,
1259,,NA,,,,,,,,,
1260,,NA,,,,,,,,,
1261,,NA,,,,,,,,,
1262,,NA,,,,,,,,,
1263,,NA,,,,,,,,,
1264,,NA,,,,,,,,,
1265,,NA,,,,,,,,,
1266,,NA,,,,,,,,,
1267,,NA,,,,,,,,,
1268,,NA,,,,,,,,,
1269,,NA,,,,,,,,,
1270,,NA,,,,,,,,,
1271,,NA,,,,,,,,,
1272,,NA,,,,,,,,,
1273,,NA,,,,,,,,,
1274,,NA,,,,,,,,,
1275,,NA,,,,,,,,,
1276,,NA,,,,,,,,,
1277,,NA,,,,,,,,,
1278,,NA,,,,,,,,,
1279,,NA,,,,,,,,,
1280,,NA,,,,,,,,,
1281,,NA,,,,,,,,,
1282,,NA,,,,,,,,,
1283,,NA,,,,,,,,,
1284,,NA,,,,,,,,,
1285,,NA,,,,,,,,,
1286,,NA,,,,,,,,,
1287,,NA,,,,,,,,,
1288,,NA,,,,,,,,,
1289,,NA,,,,,,,,,
1290,,NA,,,,,,,,,
1291,,NA,,,,,,,,,
1292,,NA,,,,,,,,,
1293,,NA,,,,,,,,,
1294,,NA,,,,,,,,,
1295,,NA,,,,,,,,,
1296,,NA,,,,,,,,,
1297,,NA,,,,,,,,,
1298,,NA,,,,,,,,,
1299,,NA,,,,,,,,,
1300,,NA,,,,,,,,,
1301,,NA,,,,,,,,,
1302,Cannot view document,Did not answer the question,,,,,,,,,
1303,,NA,,,,,,,,,
1304,This would be a heck of a lot easier if you designed the response sheet with proper links to the technical annex - you have just lost my engagement with the process!,Did not answer the question,,,,,,,,,
1305,,NA,,,,,,,,,
1306,,NA,,,,,,,,,
1307,,NA,,,,,,,,,
1308,,NA,,,,,,,,,
1309,,NA,,,,,,,,,
1310,,NA,,,,,,,,,
1311,,NA,,,,,,,,,
1312,,NA,,,,,,,,,
1313,,NA,,,,,,,,,
1314,,NA,,,,,,,,,
1315,,NA,,,,,,,,,
1316,,NA,,,,,,,,,
1317,,NA,,,,,,,,,
1318,,NA,,,,,,,,,
1319,,NA,,,,,,,,,
1320,It seems comprehensive.,Did not answer the question,,,,,,,,,
1321,,NA,,,,,,,,,
1322,,NA,,,,,,,,,
1323,,NA,,,,,,,,,
1324,,NA,,,,,,,,,
1325,,NA,,,,,,,,,
1326,,NA,,,,,,,,,
1327,,NA,,,,,,,,,
1328,,NA,,,,,,,,,
1329,,NA,,,,,,,,,
1330,,NA,,,,,,,,,
1331,,NA,,,,,,,,,
1332,,NA,,,,,,,,,
1333,,NA,,,,,,,,,
1334,,NA,,,,,,,,,
1335,,NA,,,,,,,,,
1336,,NA,,,,,,,,,
1337,,NA,,,,,,,,,
1338,Re design should not cost customer more money,Small businesses canít afford testing products/updating labels would result in higher costs,,,,,,,,,
1339,,NA,,,,,,,,,
1340,,NA,,,,,,,,,
1341,,NA,,,,,,,,,
1342,,NA,,,,,,,,,
1343,what evaluation criteria,Did not answer the question,,,,,,,,,
1344,,NA,,,,,,,,,
1345,,NA,,,,,,,,,
1346,,NA,,,,,,,,,
1347,,NA,,,,,,,,,
1348,,NA,,,,,,,,,
1349,It is now nearly midnight and I cannot concentrate much longer!  I am put off by words like 'technical annex' and 'evaluation criteria.',Did not answer the question,,,,,,,,,
1350,,NA,,,,,,,,,
1351,,NA,,,,,,,,,
1352,,NA,,,,,,,,,
1353,,NA,,,,,,,,,
1354,,NA,,,,,,,,,
1355,Not studied this ,Did not answer the question,,,,,,,,,
1356,,NA,,,,,,,,,
1357,,NA,,,,,,,,,
1358,"No one heard or listens , wastes energy to give views / opinions , big boys in charge implement rules , we have no choice. No voice. Same old politics in different ways played , only difference now is so many leading ,  despite education haven‚Äôt an ounce of intellect ,are in  ego trips , power hungry , money hungry & money is all that matters .  Shroud has no pockets . We all are all equal then . ",Did not answer the question,,,,,,,,,
1359,,NA,,,,,,,,,
1360,,NA,,,,,,,,,
1361,,NA,,,,,,,,,
1362,,NA,,,,,,,,,
1363,,NA,,,,,,,,,
1364,No comment,Did not answer the question,,,,,,,,,
1365,,NA,,,,,,,,,
1366,,NA,,,,,,,,,
1367,,NA,,,,,,,,,
1368,,NA,,,,,,,,,
1369,,NA,,,,,,,,,
1370,,NA,,,,,,,,,
1371,,NA,,,,,,,,,
1372,,NA,,,,,,,,,
1373,,NA,,,,,,,,,
1374,,NA,,,,,,,,,
1375,,NA,,,,,,,,,
1376,,NA,,,,,,,,,
1377,,NA,,,,,,,,,
1378,,NA,,,,,,,,,
1379,,NA,,,,,,,,,
1380,,NA,,,,,,,,,
1381,,NA,,,,,,,,,
1382,,NA,,,,,,,,,
1383,,NA,,,,,,,,,
1384,,NA,,,,,,,,,
1385,,NA,,,,,,,,,
1386,,NA,,,,,,,,,
1387,,NA,,,,,,,,,
1388,,NA,,,,,,,,,
1389,,NA,,,,,,,,,
1390,"I think with the controversy over fat and carbs, the nutriscore alienates people that are waiting for guidelines to change and is useless unless you follow the current thinking. We would lose the breakdown which caters for different needs. Better to trial adding fibre and carbs and see whether people can still use it ‚Äòat a glance‚Äô",further nutritional information,,,,,,,,,
1391,,NA,,,,,,,,,
1392,,NA,,,,,,,,,
1393,,NA,,,,,,,,,
1394,,NA,,,,,,,,,
1395,,NA,,,,,,,,,
1396,,NA,,,,,,,,,
1397,,NA,,,,,,,,,
1398,,NA,,,,,,,,,
1399,,NA,,,,,,,,,
1400,,NA,,,,,,,,,
1401,,NA,,,,,,,,,
1402,,NA,,,,,,,,,
1403,,NA,,,,,,,,,
1404,,NA,,,,,,,,,
1405,,NA,,,,,,,,,
1406,,NA,,,,,,,,,
1407,,NA,,,,,,,,,
1408,,NA,,,,,,,,,
1409,N/A,NA,,,,,,,,,
1410,,NA,,,,,,,,,
1411,,NA,,,,,,,,,
1412,,NA,,,,,,,,,
1413,,NA,,,,,,,,,
1414,,NA,,,,,,,,,
1415,,NA,,,,,,,,,
1416,,NA,,,,,,,,,
1417,,NA,,,,,,,,,
1418,,NA,,,,,,,,,
1419,"Your survey is time consuming and due to my poor health, I am unable to t read the technical annex and other pages thoroughly as I get tired and mentally cannot absorb all details to present my views, I hope you would understand this and make allowances.",Did not answer the question,,,,,,,,,
1420,,NA,,,,,,,,,
1421,,NA,,,,,,,,,
1422,,NA,,,,,,,,,
1423,,NA,,,,,,,,,
1424,,NA,,,,,,,,,
1425,,NA,,,,,,,,,
1426,,NA,,,,,,,,,
1427,,NA,,,,,,,,,
1428,There should be some sort of criteria that examines the negative potential of this programme ‚Äî on patients and families with eating disorders and on mental health in general.  Diet culture is bad for everyone.,Consider eating disorders,,,,,,,,,
1429,,NA,,,,,,,,,
1430,,NA,,,,,,,,,
1431,,NA,,,,,,,,,
1432,,NA,,,,,,,,,
1433,,NA,,,,,,,,,
1434,,NA,,,,,,,,,
1435,,NA,,,,,,,,,
1436,,NA,,,,,,,,,
1437,,NA,,,,,,,,,
1438,,NA,,,,,,,,,
1439,,NA,,,,,,,,,
1440,,NA,,,,,,,,,
1441,,NA,,,,,,,,,
1442,,NA,,,,,,,,,
1443,,NA,,,,,,,,,
1444,,NA,,,,,,,,,
1445,,NA,,,,,,,,,
1446,,NA,,,,,,,,,
1447,The current traffic light labelling is easy to read and most people are familiar with it. Extending the current system will enable people to make healthier choices. ,Did not answer the question,,,,,,,,,
1448,,NA,,,,,,,,,
1449,,NA,,,,,,,,,
1450,,NA,,,,,,,,,
1451,,NA,,,,,,,,,
1452,,NA,,,,,,,,,
1453,,NA,,,,,,,,,
1454,,NA,,,,,,,,,
1455,,NA,,,,,,,,,
1456,,NA,,,,,,,,,
1457,,NA,,,,,,,,,
1458,,NA,,,,,,,,,
1459,,NA,,,,,,,,,
1460,,NA,,,,,,,,,
1461,,NA,,,,,,,,,
1462,,NA,,,,,,,,,
1463,,NA,,,,,,,,,
1464,,NA,,,,,,,,,
1465,,NA,,,,,,,,,
1466,,NA,,,,,,,,,
1467,,NA,,,,,,,,,
1468,,NA,,,,,,,,,
1469,,NA,,,,,,,,,
1470,,NA,,,,,,,,,
1471,,NA,,,,,,,,,
1472,,NA,,,,,,,,,
1473,,NA,,,,,,,,,
1474,,NA,,,,,,,,,
1475,,NA,,,,,,,,,
1476,,NA,,,,,,,,,
1477,,NA,,,,,,,,,
1478,,NA,,,,,,,,,
1479,,NA,,,,,,,,,
1480,,NA,,,,,,,,,
1481,,NA,,,,,,,,,
1482,,NA,,,,,,,,,
1483,,NA,,,,,,,,,
1484,,NA,,,,,,,,,
1485,,NA,,,,,,,,,
1486,,NA,,,,,,,,,
1487,,NA,,,,,,,,,
1488,,NA,,,,,,,,,
1489,,NA,,,,,,,,,
1490,,NA,,,,,,,,,
1491,,NA,,,,,,,,,
1492,,NA,,,,,,,,,
1493,,NA,,,,,,,,,
1494,,NA,,,,,,,,,
1495,,NA,,,,,,,,,
1496,,NA,,,,,,,,,
1497,,NA,,,,,,,,,
1498,,NA,,,,,,,,,
1499,We need to guard against (unhealthy) food manufacturers who would contest the increase in health and food awareness via labelling.,Did not answer the question,,,,,,,,,
1500,,NA,,,,,,,,,
1501,,NA,,,,,,,,,
1502,,NA,,,,,,,,,
1503,,NA,,,,,,,,,
1504,,NA,,,,,,,,,
1505,,NA,,,,,,,,,
1506,,NA,,,,,,,,,
1507,I haven't seen the technical annexe.,Did not answer the question,,,,,,,,,
1508,,NA,,,,,,,,,
1509,,NA,,,,,,,,,
1510,,NA,,,,,,,,,
1511,,NA,,,,,,,,,
1512,,NA,,,,,,,,,
1513,,NA,,,,,,,,,
1514,,NA,,,,,,,,,
1515,,NA,,,,,,,,,
1516,,NA,,,,,,,,,
1517,,NA,,,,,,,,,
1518,,NA,,,,,,,,,
1519,,NA,,,,,,,,,
1520,,NA,,,,,,,,,
1521,,NA,,,,,,,,,
1522,,NA,,,,,,,,,
1523,,NA,,,,,,,,,
1524,,NA,,,,,,,,,
1525,,NA,,,,,,,,,
1526,,NA,,,,,,,,,
1527,,NA,,,,,,,,,
1528,As above,Did not answer the question,,,,,,,,,
1529,,NA,,,,,,,,,
1530,,NA,,,,,,,,,
1531,,NA,,,,,,,,,
1532,,NA,,,,,,,,,
1533,,NA,,,,,,,,,
1534,,NA,,,,,,,,,
1535,,NA,,,,,,,,,
1536,,NA,,,,,,,,,
1537,,NA,,,,,,,,,
1538,,NA,,,,,,,,,
1539,,NA,,,,,,,,,
1540,,NA,,,,,,,,,
1541,,NA,,,,,,,,,
1542,,NA,,,,,,,,,
1543,,NA,,,,,,,,,
1544,,NA,,,,,,,,,
1545,,NA,,,,,,,,,
1546,,NA,,,,,,,,,
1547,,NA,,,,,,,,,
1548,,NA,,,,,,,,,
1549,I think this should remain ,Did not answer the question,,,,,,,,,
1550,,NA,,,,,,,,,
1551,,NA,,,,,,,,,
1552,,NA,,,,,,,,,
1553,,NA,,,,,,,,,
1554,,NA,,,,,,,,,
1555,,NA,,,,,,,,,
1556,,NA,,,,,,,,,
1557,,NA,,,,,,,,,
1558,,NA,,,,,,,,,
1559,,NA,,,,,,,,,
1560,,NA,,,,,,,,,
1561,,NA,,,,,,,,,
1562,,NA,,,,,,,,,
1563,,NA,,,,,,,,,
1564,,NA,,,,,,,,,
1565,,NA,,,,,,,,,
1566,,NA,,,,,,,,,
1567,,NA,,,,,,,,,
1568,,NA,,,,,,,,,
1569,,NA,,,,,,,,,
1570,,NA,,,,,,,,,
1571,,NA,,,,,,,,,
1572,,NA,,,,,,,,,
1573,,NA,,,,,,,,,
1574,,NA,,,,,,,,,
1575,,NA,,,,,,,,,
1576,,NA,,,,,,,,,
1577,,NA,,,,,,,,,
1578,,NA,,,,,,,,,
1579,,NA,,,,,,,,,
1580,,NA,,,,,,,,,
1581,,NA,,,,,,,,,
1582,,NA,,,,,,,,,
1583,,NA,,,,,,,,,
1584,,NA,,,,,,,,,
1585,,NA,,,,,,,,,
1586,,NA,,,,,,,,,
1587,,NA,,,,,,,,,
1588,,NA,,,,,,,,,
1589,,NA,,,,,,,,,
1590,,NA,,,,,,,,,
1591,,NA,,,,,,,,,
1592,,NA,,,,,,,,,
1593,,NA,,,,,,,,,
1594,,NA,,,,,,,,,
1595,,NA,,,,,,,,,
1596,,NA,,,,,,,,,
1597,,NA,,,,,,,,,
1598,,NA,,,,,,,,,
1599,,NA,,,,,,,,,
1600,,NA,,,,,,,,,
1601,,NA,,,,,,,,,
1602,,NA,,,,,,,,,
1603,,NA,,,,,,,,,
1604,,NA,,,,,,,,,
1605,,NA,,,,,,,,,
1606,,NA,,,,,,,,,
1607,,NA,,,,,,,,,
1608,,NA,,,,,,,,,
1609,Portion size needs to be addressed base the nutrition label on the entire package contents,Other,,,,,,,,,
1610,,NA,,,,,,,,,
1611,,NA,,,,,,,,,
1612,,NA,,,,,,,,,
1613,,NA,,,,,,,,,
1614,,NA,,,,,,,,,
1615,,NA,,,,,,,,,
1616,,NA,,,,,,,,,
1617,,NA,,,,,,,,,
1618,,NA,,,,,,,,,
1619,,NA,,,,,,,,,
1620,,NA,,,,,,,,,
1621,,NA,,,,,,,,,
1622,,NA,,,,,,,,,
1623,,NA,,,,,,,,,
1624,,NA,,,,,,,,,
1625,,NA,,,,,,,,,
1626,,NA,,,,,,,,,
1627,,NA,,,,,,,,,
1628,,NA,,,,,,,,,
1629,,NA,,,,,,,,,
1630,,NA,,,,,,,,,
1631,,NA,,,,,,,,,
1632,,NA,,,,,,,,,
1633,,NA,,,,,,,,,
1634,,NA,,,,,,,,,
1635,,NA,,,,,,,,,
1636,,NA,,,,,,,,,
1637,,NA,,,,,,,,,
1638,,NA,,,,,,,,,
1639,"Having scanned through the technical annex it is very informative with its information, striking a chord with me from time to time.  It suggests to me that that a lot of thought has gone into this annex and it is &#34;realistic&#34; thought rather than &#34;hogwash&#34;.",Did not answer the question,,,,,,,,,
1640,,NA,,,,,,,,,
1641,,NA,,,,,,,,,
1642,,NA,,,,,,,,,
1643,,NA,,,,,,,,,
1644,,NA,,,,,,,,,
1645,,NA,,,,,,,,,
1646,,NA,,,,,,,,,
1647,   Is there an easy read version,Did not answer the question,,,,,,,,,
1648,,NA,,,,,,,,,
1649,,NA,,,,,,,,,
1650,,NA,,,,,,,,,
1651,,NA,,,,,,,,,
1652,,NA,,,,,,,,,
1653,,NA,,,,,,,,,
1654,,NA,,,,,,,,,
1655,,NA,,,,,,,,,
1656,,NA,,,,,,,,,
1657,,NA,,,,,,,,,
1658,,NA,,,,,,,,,
1659,,NA,,,,,,,,,
1660,,NA,,,,,,,,,
1661,,NA,,,,,,,,,
1662,,NA,,,,,,,,,
1663,,NA,,,,,,,,,
1664,,NA,,,,,,,,,
1665,,NA,,,,,,,,,
1666,,NA,,,,,,,,,
1667,,NA,,,,,,,,,
1668,,NA,,,,,,,,,
1669,,NA,,,,,,,,,
1670,,NA,,,,,,,,,
1671,,NA,,,,,,,,,
1672,,NA,,,,,,,,,
1673,,NA,,,,,,,,,
1674,,NA,,,,,,,,,
1675,,NA,,,,,,,,,
1676,,NA,,,,,,,,,
1677,,NA,,,,,,,,,
1678,,NA,,,,,,,,,
1679,,NA,,,,,,,,,
1680,,NA,,,,,,,,,
1681,,NA,,,,,,,,,
1682,,NA,,,,,,,,,
1683,,NA,,,,,,,,,
1684,,NA,,,,,,,,,
1685,,NA,,,,,,,,,
1686,,NA,,,,,,,,,
1687,,NA,,,,,,,,,
1688,,NA,,,,,,,,,
1689,,NA,,,,,,,,,
1690,,NA,,,,,,,,,
1691,,NA,,,,,,,,,
1692,,NA,,,,,,,,,
1693,,NA,,,,,,,,,
1694,,NA,,,,,,,,,
1695,,NA,,,,,,,,,
1696,,NA,,,,,,,,,
1697,,NA,,,,,,,,,
1698,,NA,,,,,,,,,
1699,,NA,,,,,,,,,
1700,,NA,,,,,,,,,
1701,,NA,,,,,,,,,
1702,,NA,,,,,,,,,
1703,,NA,,,,,,,,,
1704,,NA,,,,,,,,,
1705,,NA,,,,,,,,,
1706,,NA,,,,,,,,,
1707,,NA,,,,,,,,,
1708,,NA,,,,,,,,,
1709,,NA,,,,,,,,,
1710,,NA,,,,,,,,,
1711,,NA,,,,,,,,,
1712,,NA,,,,,,,,,
1713,,NA,,,,,,,,,
1714,,NA,,,,,,,,,
1715,,NA,,,,,,,,,
1716,,NA,,,,,,,,,
1717,,NA,,,,,,,,,
1718,,NA,,,,,,,,,
1719,,NA,,,,,,,,,
1720,,NA,,,,,,,,,
1721,,NA,,,,,,,,,
1722,,NA,,,,,,,,,
1723,,NA,,,,,,,,,
1724,,NA,,,,,,,,,
1725,,NA,,,,,,,,,
1726,,NA,,,,,,,,,
1727,,NA,,,,,,,,,
1728,,NA,,,,,,,,,
1729,,NA,,,,,,,,,
1730,,NA,,,,,,,,,
1731,,NA,,,,,,,,,
1732,,NA,,,,,,,,,
1733,,NA,,,,,,,,,
1734,,NA,,,,,,,,,
1735,,NA,,,,,,,,,
1736,,NA,,,,,,,,,
1737,,NA,,,,,,,,,
1738,,NA,,,,,,,,,
1739,,NA,,,,,,,,,
1740,,NA,,,,,,,,,
1741,,NA,,,,,,,,,
1742,,NA,,,,,,,,,
1743,,NA,,,,,,,,,
1744,,NA,,,,,,,,,
1745,,NA,,,,,,,,,
1746,Carbs should be highlighted and not hidden within energy as it maybe misconstrued ,further nutritional information,,,,,,,,,
1747,,NA,,,,,,,,,
1748,,NA,,,,,,,,,
1749,,NA,,,,,,,,,
1750,,NA,,,,,,,,,
1751,,NA,,,,,,,,,
1752,,NA,,,,,,,,,
1753,,NA,,,,,,,,,
1754,,NA,,,,,,,,,
1755,,NA,,,,,,,,,
1756,,NA,,,,,,,,,
1757,,NA,,,,,,,,,
1758,,NA,,,,,,,,,
1759,,NA,,,,,,,,,
1760,,NA,,,,,,,,,
1761,,NA,,,,,,,,,
1762,,NA,,,,,,,,,
1763,,NA,,,,,,,,,
1764,,NA,,,,,,,,,
1765,,NA,,,,,,,,,
1766,,NA,,,,,,,,,
1767,,NA,,,,,,,,,
1768,,NA,,,,,,,,,
1769,,NA,,,,,,,,,
1770,,NA,,,,,,,,,
1771,,NA,,,,,,,,,
1772,,NA,,,,,,,,,
1773,,NA,,,,,,,,,
1774,,NA,,,,,,,,,
1775,,NA,,,,,,,,,
1776,,NA,,,,,,,,,
1777,,NA,,,,,,,,,
1778,,NA,,,,,,,,,
1779,,NA,,,,,,,,,
1780,,NA,,,,,,,,,
1781,,NA,,,,,,,,,
1782,,NA,,,,,,,,,
1783,,NA,,,,,,,,,
1784,,NA,,,,,,,,,
1785,,NA,,,,,,,,,
1786,,NA,,,,,,,,,
1787,,NA,,,,,,,,,
1788,,NA,,,,,,,,,
1789,,NA,,,,,,,,,
1790,,NA,,,,,,,,,
1791,,NA,,,,,,,,,
1792,,NA,,,,,,,,,
1793,,NA,,,,,,,,,
1794,,NA,,,,,,,,,
1795,,NA,,,,,,,,,
1796,,NA,,,,,,,,,
1797,,NA,,,,,,,,,
1798,,NA,,,,,,,,,
1799,,NA,,,,,,,,,
1800,,NA,,,,,,,,,
1801,,NA,,,,,,,,,
1802,,NA,,,,,,,,,
1803,,NA,,,,,,,,,
1804,,NA,,,,,,,,,
1805,,NA,,,,,,,,,
1806,,NA,,,,,,,,,
1807,,NA,,,,,,,,,
1808,,NA,,,,,,,,,
1809,,NA,,,,,,,,,
1810,,NA,,,,,,,,,
1811,,NA,,,,,,,,,
1812,,NA,,,,,,,,,
1813,,NA,,,,,,,,,
1814,,NA,,,,,,,,,
1815,,NA,,,,,,,,,
1816,,NA,,,,,,,,,
1817,,NA,,,,,,,,,
1818,,NA,,,,,,,,,
1819,,NA,,,,,,,,,
1820,,NA,,,,,,,,,
1821,,NA,,,,,,,,,
1822,,NA,,,,,,,,,
1823,,NA,,,,,,,,,
1824,,NA,,,,,,,,,
1825,,NA,,,,,,,,,
1826,,NA,,,,,,,,,
1827,,NA,,,,,,,,,
1828,,NA,,,,,,,,,
1829,,NA,,,,,,,,,
1830,,NA,,,,,,,,,
1831,,NA,,,,,,,,,
1832,,NA,,,,,,,,,
1833,Na,NA,,,,,,,,,
1834,,NA,,,,,,,,,
1835,,NA,,,,,,,,,
1836,,NA,,,,,,,,,
1837,The evaluation criteria are both from a societal and personal perspective - reduced health service costs at the price of increased personal shopping costs needs to be separated and valued. ,Other,,,,,,,,,
1838,,NA,,,,,,,,,
1839,,NA,,,,,,,,,
1840,,NA,,,,,,,,,
1841,,NA,,,,,,,,,
1842,,NA,,,,,,,,,
1843,,NA,,,,,,,,,
1844,,NA,,,,,,,,,
1845,,NA,,,,,,,,,
1846,,NA,,,,,,,,,
1847,,NA,,,,,,,,,
1848,,NA,,,,,,,,,
1849,A pilot should be run to evaluate consumer responses,Did not answer the question,,,,,,,,,
1850,,NA,,,,,,,,,
1851,,NA,,,,,,,,,
1852,,NA,,,,,,,,,
1853,,NA,,,,,,,,,
1854,,NA,,,,,,,,,
1855,,NA,,,,,,,,,
1856,,NA,,,,,,,,,
1857,,NA,,,,,,,,,
1858,,NA,,,,,,,,,
1859,,NA,,,,,,,,,
1860,,NA,,,,,,,,,
1861,,NA,,,,,,,,,
1862,,NA,,,,,,,,,
1863,,NA,,,,,,,,,
1864,,NA,,,,,,,,,
1865,,NA,,,,,,,,,
1866,,NA,,,,,,,,,
1867,,NA,,,,,,,,,
1868,N/a,NA,,,,,,,,,
1869,,NA,,,,,,,,,
1870,,NA,,,,,,,,,
1871,,NA,,,,,,,,,
1872,,NA,,,,,,,,,
1873,,NA,,,,,,,,,
1874,,NA,,,,,,,,,
1875,,NA,,,,,,,,,
1876,,NA,,,,,,,,,
1877,,NA,,,,,,,,,
1878,,NA,,,,,,,,,
1879,,NA,,,,,,,,,
1880,,NA,,,,,,,,,
1881,,NA,,,,,,,,,
1882,,NA,,,,,,,,,
1883,,NA,,,,,,,,,
1884,,NA,,,,,,,,,
1885,,NA,,,,,,,,,
1886,,NA,,,,,,,,,
1887,,NA,,,,,,,,,
1888,,NA,,,,,,,,,
1889,,NA,,,,,,,,,
1890,,NA,,,,,,,,,
1891,,NA,,,,,,,,,
1892,,NA,,,,,,,,,
1893,,NA,,,,,,,,,
1894,,NA,,,,,,,,,
1895,,NA,,,,,,,,,
1896,,NA,,,,,,,,,
1897,,NA,,,,,,,,,
1898,,NA,,,,,,,,,
1899,,NA,,,,,,,,,
1900,,NA,,,,,,,,,
1901,,NA,,,,,,,,,
1902,,NA,,,,,,,,,
1903,,NA,,,,,,,,,
1904,,NA,,,,,,,,,
1905,,NA,,,,,,,,,
1906,,NA,,,,,,,,,
1907,,NA,,,,,,,,,
1908,,NA,,,,,,,,,
1909,,NA,,,,,,,,,
1910,,NA,,,,,,,,,
1911,,NA,,,,,,,,,
1912,,NA,,,,,,,,,
1913,,NA,,,,,,,,,
1914,,NA,,,,,,,,,
1915,,NA,,,,,,,,,
1916,,NA,,,,,,,,,
1917,,NA,,,,,,,,,
1918,,NA,,,,,,,,,
1919,,NA,,,,,,,,,
1920,,NA,,,,,,,,,
1921,"Childhood obesity has risen to the extent that 1/3rd of children aged 2 to 15 years in the UK are obese. Obesity already costs the NHS ¬£4.2 billion a year and is set rise to ¬£10 billion by 2050. The NHS spent ¬£30 million on dental extractions in 2012/13 and in 2014/15 the NHS in England provided multiple dental extractions under general anaesthesia for 45,935 children. These costs should be included in any cost-benefit analysis. ",Healthcare costs,,,,,,,,,
1922,,NA,,,,,,,,,
1923,,NA,,,,,,,,,
1924,,NA,,,,,,,,,
1925,,NA,,,,,,,,,
1926,,NA,,,,,,,,,
1927,You're asking too much of survey respondents here.  That link requires extensive navigation.  This is a poorly designed question,Did not answer the question,,,,,,,,,
1928,"I'm not sure if this is what you are asking for - I was thinking that if the Nutri-score labelling was adopted that it should be compulsory (as it is only on 20% of products in France), but I now think consumers could encourage companies to use the labels by buying products with the labels on. I think the government should encourage and financially help any business to change it's labels to make it easier for consumers to make a healthy and informed choice. This is because I hope better labelling would encourage more people to have a healthier diet and in turn that should save the government money, on the NHS, sick pay and other benefits. ",Mandatory,Healthcare costs,,,,,,,,
1929,,NA,,,,,,,,,
1930,,NA,,,,,,,,,
1931,,NA,,,,,,,,,
1932,,NA,,,,,,,,,
1933,,NA,,,,,,,,,
1934,,NA,,,,,,,,,
1935,,NA,,,,,,,,,
1936,,NA,,,,,,,,,
1937,,NA,,,,,,,,,
1938,,NA,,,,,,,,,
1939,,NA,,,,,,,,,
1940,,NA,,,,,,,,,
1941,,NA,,,,,,,,,
1942,,NA,,,,,,,,,
1943,,NA,,,,,,,,,
1944,,NA,,,,,,,,,
1945,,NA,,,,,,,,,
1946,,NA,,,,,,,,,
1947,,NA,,,,,,,,,
1948,,NA,,,,,,,,,
1949,,NA,,,,,,,,,
1950,,NA,,,,,,,,,
1951,,NA,,,,,,,,,
1952,,NA,,,,,,,,,
1953,,NA,,,,,,,,,
1954,,NA,,,,,,,,,
1955,,NA,,,,,,,,,
1956,,NA,,,,,,,,,
1957,,NA,,,,,,,,,
1958,,NA,,,,,,,,,
1959,,NA,,,,,,,,,
1960,,NA,,,,,,,,,
1961,,NA,,,,,,,,,
1962,,NA,,,,,,,,,
1963,,NA,,,,,,,,,
1964,,NA,,,,,,,,,
1965,,NA,,,,,,,,,
1966,,NA,,,,,,,,,
1967,,NA,,,,,,,,,
1968,,NA,,,,,,,,,
1969,,NA,,,,,,,,,
1970,,NA,,,,,,,,,
1971,,NA,,,,,,,,,
1972,,NA,,,,,,,,,
1973,I think a combination approach may be best to help the diverse needs of the population. The Chilean approach may be helpful to alert consumers to stop and read ingredients and in particular may be most effective way for independent people with limited reading skills but more specific information still massively important  or the majority of people managing (or trying to prevent onset of) serious health problems. ,Examine impacts of labelling in other countries,,,,,,,,,
1974,,NA,,,,,,,,,
1975,,NA,,,,,,,,,
1976,,NA,,,,,,,,,
1977,,NA,,,,,,,,,
1978,,NA,,,,,,,,,
1979,,NA,,,,,,,,,
1980,,NA,,,,,,,,,
1981,,NA,,,,,,,,,
1982,,NA,,,,,,,,,
1983,,NA,,,,,,,,,
1984,,NA,,,,,,,,,
1985,,NA,,,,,,,,,
1986,,NA,,,,,,,,,
1987,,NA,,,,,,,,,
1988,,NA,,,,,,,,,
1989,,NA,,,,,,,,,
1990,,NA,,,,,,,,,
1991,,NA,,,,,,,,,
1992,,NA,,,,,,,,,
1993,,NA,,,,,,,,,
1994,,NA,,,,,,,,,
1995,,NA,,,,,,,,,
1996,,NA,,,,,,,,,
1997,,NA,,,,,,,,,
1998,,NA,,,,,,,,,
1999,Your evidence shows high use of the current system over supposedly simpler systems used elsewhere. The costs of change ( time to get used to it; irritation) reduce information & lack of trust ( ‚Äòwhat is being covered up?‚Äô ; change to suit US manufacturing etc ) need to be factored in.  The detailed nutritional info must continue to give values/100 g or ml for comparison as well as the FOPNL. Add calories and sugars to alcohol as well as units. ,Small businesses canít afford testing products/updating labels would result in higher costs,,,,,,,,,
2000,,NA,,,,,,,,,
2001,,NA,,,,,,,,,
2002,,NA,,,,,,,,,
2003,,NA,,,,,,,,,
2004,,NA,,,,,,,,,
2005,,NA,,,,,,,,,
2006,,NA,,,,,,,,,
2007,,NA,,,,,,,,,
2008,,NA,,,,,,,,,
2009,,NA,,,,,,,,,
2010,,NA,,,,,,,,,
2011,,NA,,,,,,,,,
2012,,NA,,,,,,,,,
2013,,NA,,,,,,,,,
2014,,NA,,,,,,,,,
2015,,NA,,,,,,,,,
2016,,NA,,,,,,,,,
2017,,NA,,,,,,,,,
2018,,NA,,,,,,,,,
2019,"This should not be voluntary, but rather COMPULSORY",Mandatory,,,,,,,,,
2020,,NA,,,,,,,,,
2021,,NA,,,,,,,,,
2022,,NA,,,,,,,,,
2023,,NA,,,,,,,,,
2024,,NA,,,,,,,,,
2025,,NA,,,,,,,,,
2026,,NA,,,,,,,,,
2027,,NA,,,,,,,,,
2028,,NA,,,,,,,,,
2029,,NA,,,,,,,,,
2030,"Ease simplify, some of my friends, students find this languahe complex",Examine impacts of labelling in other countries,,,,,,,,,
2031,,NA,,,,,,,,,
2032,,NA,,,,,,,,,
2033,,NA,,,,,,,,,
2034,,NA,,,,,,,,,
2035,,NA,,,,,,,,,
2036,,NA,,,,,,,,,
2037,,NA,,,,,,,,,
2038,,NA,,,,,,,,,
2039,,NA,,,,,,,,,
2040,,NA,,,,,,,,,
2041,,NA,,,,,,,,,
2042,,NA,,,,,,,,,
2043,,NA,,,,,,,,,
2044,,NA,,,,,,,,,
2045,,NA,,,,,,,,,
2046,,NA,,,,,,,,,
2047,,NA,,,,,,,,,
2048,,NA,,,,,,,,,
2049,,NA,,,,,,,,,
2050,,NA,,,,,,,,,
2051,,NA,,,,,,,,,
2052,,NA,,,,,,,,,
2053,,NA,,,,,,,,,
2054,,NA,,,,,,,,,
2055,,NA,,,,,,,,,
2056,,NA,,,,,,,,,
2057,,NA,,,,,,,,,
2058,,NA,,,,,,,,,
2059,,NA,,,,,,,,,
2060,,NA,,,,,,,,,
2061,,NA,,,,,,,,,
2062,,NA,,,,,,,,,
2063,,NA,,,,,,,,,
2064,,NA,,,,,,,,,
2065,,NA,,,,,,,,,
2066,,NA,,,,,,,,,
2067,,NA,,,,,,,,,
2068,,NA,,,,,,,,,
2069,,NA,,,,,,,,,
2070,,NA,,,,,,,,,
2071,,NA,,,,,,,,,
2072,,NA,,,,,,,,,
2073,,NA,,,,,,,,,
2074,,NA,,,,,,,,,
2075,,NA,,,,,,,,,
2076,,NA,,,,,,,,,
2077,,NA,,,,,,,,,
2078,"I think before implementing change you need to understand why lower SES families are not engaging with the traffic light system. You mention discussing with groups, which groups are you proposing? ",Other,,,,,,,,,
2079,,NA,,,,,,,,,
2080,,NA,,,,,,,,,
2081,,NA,,,,,,,,,
2082,,NA,,,,,,,,,
2083,,NA,,,,,,,,,
2084,,NA,,,,,,,,,
2085,,NA,,,,,,,,,
2086,,NA,,,,,,,,,
2087,,NA,,,,,,,,,
2088,,NA,,,,,,,,,
2089,,NA,,,,,,,,,
2090,,NA,,,,,,,,,
2091,,NA,,,,,,,,,
2092,,NA,,,,,,,,,
2093,,NA,,,,,,,,,
2094,,NA,,,,,,,,,
2095,,NA,,,,,,,,,
2096,,NA,,,,,,,,,
2097,,NA,,,,,,,,,
2098,,NA,,,,,,,,,
2099,,NA,,,,,,,,,
2100,,NA,,,,,,,,,
2101,,NA,,,,,,,,,
2102,,NA,,,,,,,,,
2103,,NA,,,,,,,,,
2104,,NA,,,,,,,,,
2105,,NA,,,,,,,,,
2106,,NA,,,,,,,,,
2107,,NA,,,,,,,,,
2108,,NA,,,,,,,,,
2109,,NA,,,,,,,,,
2110,,NA,,,,,,,,,
2111,,NA,,,,,,,,,
2112,,NA,,,,,,,,,
2113,,NA,,,,,,,,,
2114,,NA,,,,,,,,,
2115,,NA,,,,,,,,,
2116,,NA,,,,,,,,,
2117,,NA,,,,,,,,,
2118,,NA,,,,,,,,,
2119,,NA,,,,,,,,,
2120,,NA,,,,,,,,,
2121,,NA,,,,,,,,,
2122,,NA,,,,,,,,,
2123,,NA,,,,,,,,,
2124,This is beyond my level of expertise.,Did not answer the question,,,,,,,,,
2125,,NA,,,,,,,,,
2126,,NA,,,,,,,,,
2127,,NA,,,,,,,,,
2128,,NA,,,,,,,,,
2129,,NA,,,,,,,,,
2130,,NA,,,,,,,,,
2131,,NA,,,,,,,,,
2132,,NA,,,,,,,,,
2133,,NA,,,,,,,,,
2134,,NA,,,,,,,,,
2135,"It could maybe include ALL  aspects of food/drink that the public consume and in all environments - shops, bars, restaurants, etc...",Did not answer the question,,,,,,,,,
2136,,NA,,,,,,,,,
2137,,NA,,,,,,,,,
2138,,NA,,,,,,,,,
2139,,NA,,,,,,,,,
2140,,NA,,,,,,,,,
2141,,NA,,,,,,,,,
2142,,NA,,,,,,,,,
2143,,NA,,,,,,,,,
2144,,NA,,,,,,,,,
2145,,NA,,,,,,,,,
2146,,NA,,,,,,,,,
2147,,NA,,,,,,,,,
2148,,NA,,,,,,,,,
2149,,NA,,,,,,,,,
2150,,NA,,,,,,,,,
2151,,NA,,,,,,,,,
2152,,NA,,,,,,,,,
2153,,NA,,,,,,,,,
2154,,NA,,,,,,,,,
2155,,NA,,,,,,,,,
2156,,NA,,,,,,,,,
2157,,NA,,,,,,,,,
2158,,NA,,,,,,,,,
2159,,NA,,,,,,,,,
2160,,NA,,,,,,,,,
2161,,NA,,,,,,,,,
2162,,NA,,,,,,,,,
2163,,NA,,,,,,,,,
2164,,NA,,,,,,,,,
2165,,NA,,,,,,,,,
2166,,NA,,,,,,,,,
2167,,NA,,,,,,,,,
2168,,NA,,,,,,,,,
2169,,NA,,,,,,,,,
2170,,NA,,,,,,,,,
2171,,NA,,,,,,,,,
2172,,NA,,,,,,,,,
2173,,NA,,,,,,,,,
2174,,NA,,,,,,,,,
2175,,NA,,,,,,,,,
2176,,NA,,,,,,,,,
2177,,NA,,,,,,,,,
2178,,NA,,,,,,,,,
2179,,NA,,,,,,,,,
2180,,NA,,,,,,,,,
2181,,NA,,,,,,,,,
2182,,NA,,,,,,,,,
2183,,NA,,,,,,,,,
2184,,NA,,,,,,,,,
2185,,NA,,,,,,,,,
2186,,NA,,,,,,,,,
2187,,NA,,,,,,,,,
2188,,NA,,,,,,,,,
2189,,NA,,,,,,,,,
2190,,NA,,,,,,,,,
2191,,NA,,,,,,,,,
2192,,NA,,,,,,,,,
2193,,NA,,,,,,,,,
2194,,NA,,,,,,,,,
2195,,NA,,,,,,,,,
2196,,NA,,,,,,,,,
2197,,NA,,,,,,,,,
2198,,NA,,,,,,,,,
2199,Standard stuff - be more specific and make more interesting to the consumer to engage,Did not answer the question,,,,,,,,,
2200,,NA,,,,,,,,,
2201,,NA,,,,,,,,,
2202,,NA,,,,,,,,,
2203,,NA,,,,,,,,,
2204,,NA,,,,,,,,,
2205,,NA,,,,,,,,,
2206,,NA,,,,,,,,,
2207,,NA,,,,,,,,,
2208,,NA,,,,,,,,,
2209,,NA,,,,,,,,,
2210,,NA,,,,,,,,,
2211,,NA,,,,,,,,,
2212,,NA,,,,,,,,,
2213,,NA,,,,,,,,,
2214,,NA,,,,,,,,,
2215,,NA,,,,,,,,,
2216,This is nonsense,Did not answer the question,,,,,,,,,
2217,,NA,,,,,,,,,
2218,,NA,,,,,,,,,
2219,,NA,,,,,,,,,
2220,,NA,,,,,,,,,
2221,,NA,,,,,,,,,
2222,,NA,,,,,,,,,
2223,,NA,,,,,,,,,
2224,,NA,,,,,,,,,
2225,,NA,,,,,,,,,
2226,,NA,,,,,,,,,
2227,,NA,,,,,,,,,
2228,,NA,,,,,,,,,
2229,,NA,,,,,,,,,
2230,,NA,,,,,,,,,
2231,,NA,,,,,,,,,
2232,,NA,,,,,,,,,
2233,,NA,,,,,,,,,
2234,,NA,,,,,,,,,
2235,,NA,,,,,,,,,
2236,,NA,,,,,,,,,
2237,,NA,,,,,,,,,
2238,,NA,,,,,,,,,
2239,,NA,,,,,,,,,
2240,,NA,,,,,,,,,
2241,,NA,,,,,,,,,
2242,,NA,,,,,,,,,
2243,,NA,,,,,,,,,
2244,,NA,,,,,,,,,
2245,,NA,,,,,,,,,
2246,,NA,,,,,,,,,
2247,,NA,,,,,,,,,
2248,,NA,,,,,,,,,
2249,,NA,,,,,,,,,
2250,,NA,,,,,,,,,
2251,,NA,,,,,,,,,
2252,,NA,,,,,,,,,
2253,,NA,,,,,,,,,
2254,,NA,,,,,,,,,
2255,,NA,,,,,,,,,
2256,,NA,,,,,,,,,
2257,,NA,,,,,,,,,
2258,,NA,,,,,,,,,
2259,,NA,,,,,,,,,
2260,,NA,,,,,,,,,
2261,,NA,,,,,,,,,
2262,,NA,,,,,,,,,
2263,,NA,,,,,,,,,
2264,,NA,,,,,,,,,
2265,,NA,,,,,,,,,
2266,,NA,,,,,,,,,
2267,,NA,,,,,,,,,
2268,,NA,,,,,,,,,
2269,,NA,,,,,,,,,
2270,,NA,,,,,,,,,
2271,,NA,,,,,,,,,
2272,,NA,,,,,,,,,
2273,,NA,,,,,,,,,
2274,,NA,,,,,,,,,
2275,,NA,,,,,,,,,
2276,Do not down grade our present system so you can slip through the back door USA poison ,Did not answer the question,,,,,,,,,
2277,,NA,,,,,,,,,
2278,,NA,,,,,,,,,
2279,,NA,,,,,,,,,
2280,,NA,,,,,,,,,
2281,,NA,,,,,,,,,
2282,,NA,,,,,,,,,
2283,,NA,,,,,,,,,
2284,,NA,,,,,,,,,
2285,,NA,,,,,,,,,
2286,,NA,,,,,,,,,
2287,,NA,,,,,,,,,
2288,,NA,,,,,,,,,
2289,,NA,,,,,,,,,
2290,,NA,,,,,,,,,
2291,,NA,,,,,,,,,
2292,,NA,,,,,,,,,
2293,,NA,,,,,,,,,
2294,,NA,,,,,,,,,
2295,,NA,,,,,,,,,
2296,,NA,,,,,,,,,
2297,,NA,,,,,,,,,
2298,,NA,,,,,,,,,
2299,,NA,,,,,,,,,
2300,,NA,,,,,,,,,
2301,,NA,,,,,,,,,
2302,,NA,,,,,,,,,
2303,,NA,,,,,,,,,
2304,,NA,,,,,,,,,
2305,The criteria seem appropriate,NA,,,,,,,,,
2306,,NA,,,,,,,,,
2307,,NA,,,,,,,,,
2308,,NA,,,,,,,,,
2309,,NA,,,,,,,,,
2310,,NA,,,,,,,,,
2311,,NA,,,,,,,,,
2312,,NA,,,,,,,,,
2313,,NA,,,,,,,,,
2314,,NA,,,,,,,,,
2315,,NA,,,,,,,,,
2316,,NA,,,,,,,,,
2317,,NA,,,,,,,,,
2318,,NA,,,,,,,,,
2319,,NA,,,,,,,,,
2320,,NA,,,,,,,,,
2321,,NA,,,,,,,,,
2322,,NA,,,,,,,,,
